,title,link,published,summary
0,"Metal Additive Manufacturing Equipment Market Report, 2033 - Grand View Research",https://news.google.com/rss/articles/CBMipwFBVV95cUxQeHoxdkhlaFVMOGNMSGx4S01BWE8yUGtoVllOYWxHNXQyaVNQczF4Rl9ZY3hFSG5VM056V1o1Zy1STGh0QTEtUkZqNzRSZGY4ZjMyQm5hcGJwZ0FuNV9KWVloRXRpdTRTaWdXSXVOZnhSM1ZOMlZyNXc1ZmMtMS1UUTd0VGxVMFh3UDFIMUd4X1ByVDdPekdFQzhtUnVERGlvY3hJbUgydw?oc=5,11252025,"Metal Additive Manufacturing Equipment Market Report, 2033 - Grand View Research"
1,Beyond the print: XJet’s approach to production-ready metal parts - VoxelMatters,https://news.google.com/rss/articles/CBMimAFBVV95cUxQbUtNOS14S3ZpdzlJTllSWVRfNkY4eFNOYXRzQjNwblNnUjdMY3VrQ1lSYlNwU3hwRjVGTE8za3FHbHpYR2w3TjZFWGg0RjVaaVdtVWh1RjFJank4V2Jxb0pQNXpSbzhLY0hTUi15Z0hNcnVYRUJJa256ZjkzNVhZa1dEdjlsSTJ0TmJ5TzVIaENiOVZvemxhaA?oc=5,12042025,Beyond the print: XJet’s approach to production-ready metal parts - VoxelMatters
2,Protolabs Expands US Metal 3D Printing Operations with Major Capacity Increase - Machine Maker,https://news.google.com/rss/articles/CBMisgFBVV95cUxOaU4wb1VnUmFuT3BBeW9MajFqbmlsUlVFR244a1Y2em1MM3VRTTVydWhDdTlTOEhkdzVHV0hQS2NYcmZnRkZRSFJKNjlERHFDRnBNamEtMmZIWVd2UTNJd005RU15SFkzdjlFWjNQZklrQjFFX2VpcWJyd2lsQlZqY3NmRjNYNjFVWmtaS09qVW1yaVhzZWNxVTNaME5BWkI5eTMzWVhFSTU5aHpCakdLZFp3?oc=5,12022025,Protolabs Expands US Metal 3D Printing Operations with Major Capacity Increase - Machine Maker
3,3D Printing Metals Market Size is Poised to Grow USD 4.61 - GlobeNewswire,https://news.google.com/rss/articles/CBMiywJBVV95cUxNaFNha25rQ04wZHk2VUc0aGUzdEN3QkVFRzRnbXh3S3VBUTRCUU83RXRWNnljTWNjdkMxdk9HU3lpZW5kRjFFMXBWRlRSdlhmUGxIYXhfaEcxQ0RTQVJmS0psZFFkbTY4R09sdlBYdElnZWY4alZKTEtyMDJDcGVFUGczR0c3UVhPNi1aSnNOcmQ3SzhoejYtLWRtRFVNdTVYS0NtTVBBM0tMVTUyaV9FNDdob1E3T21IcC1ndUZZZm1xb0lqcDB4WlBrT0h3dFVCdExaNG13ZDJRLThQWUJkM3RiSlAxT0syV0RrQll4WldJLVJad1AtZmUzeF9QaVlFRG9OcjVKN1ZPZnFUX3RQQWMtcU9FLXFKdWppejNDOEt6RXh2MjNhMEExN2hieTdRLURKLUNEamdHMDYtdHRSOUhHNUtERUV5Tzdv?oc=5,12052025,3D Printing Metals Market Size is Poised to Grow USD 4.61 - GlobeNewswire
4,Aurora Labs and Ares Armaments Partner to Advance Metal Additive Manufacturing for Defence - 3D Printing Industry,https://news.google.com/rss/articles/CBMizwFBVV95cUxQVHQ0blU1S1BqbjMtUGoycmRiejRJRVNFcC03QzZMRlJvbE54LWRJLV8yYlRLZkwtX3Z6OS1zbjJsQmE2cDBFNkpZbDFScGljb3hkeTRrTFBVY0NOSVB3V05veU9QMUI1TUV6ZDdXRUhxaWlNcnA0TW9DQlJoWTZfT3NLVUZteXdtOURqdzlWdHFnWjNBekY3c2F4Q3cwallnMjg4UWdDMkVZcVF0WWRMZk1CcEpRQ1pnemxqQUwxQ0tyeVkwalpSQUF3ZGlkenc?oc=5,11262025,Aurora Labs and Ares Armaments Partner to Advance Metal Additive Manufacturing for Defence - 3D Printing Industry
5,RES2AM funding for large-scale metal Additive Manufacturing demonstrator - Metal Additive Manufacturing magazine,https://news.google.com/rss/articles/CBMinwFBVV95cUxOWlFpLXdqbU84cDFCaWo5TFd0ZFN3bFNHRmVYSTZUeWdNVVdfcXpFaUdNRGFONVVzOTlldnlFY0ZIY1UyRU1WQ21kNnN5dmVJbUxpQ2dfU2FycTg4ekxkaHJseVExcVZSS242RVZGZmlGUUhkQjBvS3VycGQ4bGJaTkhmWGRmWk5BNU5nZ1NQZmZUM2ZjWVc0ZGF4SEdqdGs?oc=5,11252025,RES2AM funding for large-scale metal Additive Manufacturing demonstrator - Metal Additive Manufacturing magazine
6,Rethinking metal production with AML3D - VoxelMatters,https://news.google.com/rss/articles/CBMid0FVX3lxTFBtem5LVzdIQTBTSHNESm51azNTNUxwX3o0QjN6YVpDTno2aF9qRFQ0YjJIUXVoVnZyVEFvX1dpQ2R1V1VxeHNRYXRSMmFHRHozRWtmTHlFOWRZbExZR0pvOXJnVGF1YnZhX0gxS0VfRmQzd2RGWFRN?oc=5,11282025,Rethinking metal production with AML3D - VoxelMatters
7,Real-time distortion prediction achieved in metal additive manufacturing - 3D Printing Industry,https://news.google.com/rss/articles/CBMitwFBVV95cUxQWkpyX1lIa0haMUp1T0RfeUVFU3Njb0VmQzg3ejFPcUFJY0NWS0lxLVNwemlIRVYyclNqOWlmZ2FNOXN1b0U1RV9Qcmc1b0NwZlpncEpmLWFKRlR3X205eXpnRDFOcXBKTTFZcVVlMmpXRkYyalpCTUhZMmNBdElKTnJmYWMzMG5CSTY3Q0h1RHQxZGVaWTBfdnRNSm9BVnBpNFkwSE9jV0oxNzBoSFFSS2FmR2YtdlU?oc=5,12022025,Real-time distortion prediction achieved in metal additive manufacturing - 3D Printing Industry
8,EOS represents metal Additive Manufacturing with Formnext win - Metal Additive Manufacturing magazine,https://news.google.com/rss/articles/CBMikAFBVV95cUxPQWdRVXJhdFpqV215RnRrWmxxcXdVSGxMMVhFd3lRcExiaE8tcDBkanBFYVIxeWQzT0N1MU5ReUtwM1I3Q3JFbjVfRzJLcVJFa2QwQ3BsMHdWcF9fdGxmR3lNb1l3Rk5tWjIyWUdhUUMzbWxFVUM3c3NVMHdGWG1hNkdtNXhOQlZzNy1JZF9tNVE?oc=5,11212025,EOS represents metal Additive Manufacturing with Formnext win - Metal Additive Manufacturing magazine
9,"Global Metal Additive Manufacturing Market Projected to Grow at 16.7% CAGR, Reaching $11.18 Billion by 2029 - openPR.com",https://news.google.com/rss/articles/CBMinAFBVV95cUxNa1FaS1Z4MlJnNGFVd2dtSmtHQUR1ejdqV01QakFpSk1Sb185bjNxYXROdEE3dkVCc0J6eWE4VkJHdEJBTWJ0U1pSSFMycHlhNUNwRzc4Q3oxRnVEQ3dHNmNxVVFMNE1nLXc1RkxQNDlZLWxpY3dBMFJ4MXFOVlVWcll5Wkt0UWVCVGZqY0NKRVR2aUxFV1NpM0pYaVk?oc=5,11242025,"Global Metal Additive Manufacturing Market Projected to Grow at 16.7% CAGR, Reaching $11.18 Billion by 2029 - openPR.com"
10,Apple confirms laser-based Additive Manufacturing of titanium Apple Watch cases - Metal Additive Manufacturing magazine,https://news.google.com/rss/articles/CBMiqAFBVV95cUxOcUhKbzdEZ1RTNi14bUFGT2Iycl83UDBsY09oTVBpdlpreG0xS3FEWEVMVEpfN2dfOEc1NWpYSlA4XzlWZzV1M0h2UkNSdDR5djFQZmVSdm56TXYtVnVqTGxUdEZBdHhLdDN5SUhYUmJLSGw4VnpOX2cxeFBmT2JZZkNWdFNVLWlwOHZZWkxOZjQ2dlNrcFBmdWZQa3FOck5IQnVJOW5fTWs?oc=5,11202025,Apple confirms laser-based Additive Manufacturing of titanium Apple Watch cases - Metal Additive Manufacturing magazine
11,Additive manufacturing partnerships galore at Renishaw - Engineering.com,https://news.google.com/rss/articles/CBMiiwFBVV95cUxOak56OXdBdU1tTU43TVdHT0VmdW1iYkRtSlpsVEFvWVlWY3Z3eV9JNGZ1NEM3OFhJdnRPa0ppSDUwQlZqUHc4akItSkxvZWJoRTBWbFBuTUYyMmc0NVpiZWxFSlM0YWE4alpNZjVmT3Nlc1ZEVU5Ecm83bXlRVF8tVnBwUFd1OEJzWVVN?oc=5,11172025,Additive manufacturing partnerships galore at Renishaw - Engineering.com
12,6K Additive Raises €27.2M in IPO for Major Expansion in Pennsylvania - etmm-online.com,https://news.google.com/rss/articles/CBMiugFBVV95cUxOaWM1UlQ2b1Fmd3lFeU5admtqOTVpSWpaV194Y1NyZ2xBenlPWGNOR2lvZENJbjVDQXZwa3NsY0pxZk1nY0tBR3J2MTU2RXJXVENpZHhIaUV6cWFFSFlmbTJvNDBKZjVEdE9BM0tPblM5blRuNEdIcG1BY1ZnNGVLS3ItWjl4UExDaXV5M1lveXljVVhWNTBud3hLZVR1bXNTc2hhTUZIQTlBOFh4dzNmMGxSYVUwaTZCOGc?oc=5,12052025,6K Additive Raises €27.2M in IPO for Major Expansion in Pennsylvania - etmm-online.com
13,"Smart metal additive manufacturing: The key to better, safer medical implants - Today's Medical Developments",https://news.google.com/rss/articles/CBMiuwFBVV95cUxOb05kbFp4WTB1bDRGMk9STEpNTThuRWxzMGxLTWNZdVpVME9kLTFuUUdFc3VfRVA2WjRKeFZDWUpSZFJlSkNiUnlESzhGdEhyOFNrampxU0VyUVd4QTZPN1o0ZE5SYWFiV2ZfVnR1NGFZTFdZMENuRmh1UEZBWXpjMFhSMUtCekZ5MzB1NmpaQ3p0WkZ5dWZFZXdkNm96LVlMMW5WSjZrbHBLQUF3cXU5WkxWckRpR3hlVXd3?oc=5,11102025,"Smart metal additive manufacturing: The key to better, safer medical implants - Today's Medical Developments"
14,Inside GLB’s Mission to Make Industrial Metal 3D Printing Accessible - 3Dnatives,https://news.google.com/rss/articles/CBMingFBVV95cUxPVmxrZktoSEFlMXZBaU9oemJLRGhLWHBjZU5zN0VTdEtUY283dUU2bUpEN25QNU5udGd5ZHFGRnNzbEd4LWY5eXBRckpRLTA0TXp3R1Rud0Exc2VCRG1VZUdBa2s3X1hYcXB2VERqOXlBOUtZS0JvNDFlTXl5dkRQTVB5b29xQU1YMWJURGNkSkJHYXp5SUJ5ZjdmZU50QdIBowFBVV95cUxNcW93TVF4cXgxVTRaU1dLc0JOMXNQME1jdnpsUEQwalc0Mm53dHJKdXZUa0VnU0VFOVl6MUk0YmFUWkFERzBSRGlGQ3lpYm1SZUdQbmtsNGZ6TDN0dW1CNS11bFJlTjRnNU1LZWxOYkN1UkY1VG9BMEd0eEVnamE1Zjl6RWllVkNIMjFfN09oTkNGbEtvaXpNdU5iOEw4eE9DZ2lF?oc=5,11142025,Inside GLB’s Mission to Make Industrial Metal 3D Printing Accessible - 3Dnatives
15,Angstrom acquires Mantle to scale metal Additive Manufacturing tooling - Metal Additive Manufacturing magazine,https://news.google.com/rss/articles/CBMinAFBVV95cUxNTjhhY2NUTjhrWUt4X1dsX1NaQWZHYVpxbjBvNkhvU1B2cHBSNFNzdWlVV3BDcXd5SEZKLUI2YXhkdVBCT19saDJ4Q3pBZWhMb2RqZ3Q1M3lPUk8ycm4xSjVtRHBVV0RHaE1xRWdxYXdPbGpLMXNPZEFsMDNmQXpTYk1mQ3NVeW0zM0JIa1ZuQ2Vodzg2eHlWZ0pySVU?oc=5,11102025,Angstrom acquires Mantle to scale metal Additive Manufacturing tooling - Metal Additive Manufacturing magazine
16,EOS introduces M4 ONYX line of metal additive manufacturing systems at Formnext - tctmagazine.com,https://news.google.com/rss/articles/CBMirAFBVV95cUxNQXptM19LWUFVd1E3a2VFRjllTUFSdkxwbDZiQVpmSkZGTlBCNmFINkdwOHh4T0U4SEZGWmU1Y1ZfeXBXTTNyNGx3YVh2WkRneEcweVl3eThsVUVOeF9BVl9lNmlyZ3RGU1duYS12VkFGNXcyNkhRT3F4a014bEU3U0pBSEpmdnBsazktV3JtaFpQQVdPLTgtZTBmRk1zRWFPTnhaSnE4bDFNTTlJ?oc=5,11182025,EOS introduces M4 ONYX line of metal additive manufacturing systems at Formnext - tctmagazine.com
17,Saturne adds ten-laser Farsoon FS811M-U for large-format metal Additive Manufacturing - Metal Additive Manufacturing magazine,https://news.google.com/rss/articles/CBMisAFBVV95cUxNVFVYbDNlWkpJZ3FYZ2swREpjaXg0c1pnanBOeXF6RjB1aEZuNHNyZXZvenBqM0ZocnJ1RklkSU5KbGJTcy1SZE54Z2k0bjFTYVp5WDI2T0ZZbmpodHNMVVR4MDJuQ3ZPTUtuNUczdnJtRGpET1FxYlVzQ1VKbFg4Tzk5Q05TMzBERlZRc0c2LXluRkpIODF3Vk1rd0ZaOUtIT1E2b1VFX0pfWE5nZWZ6bg?oc=5,11192025,Saturne adds ten-laser Farsoon FS811M-U for large-format metal Additive Manufacturing - Metal Additive Manufacturing magazine
18,A growing metal AM portfolio at EOS - VoxelMatters,https://news.google.com/rss/articles/CBMic0FVX3lxTE1rMUh4WkJ4Ny1sbll5N0U2VnBMRktoWExoY0ZOY2x0VjN1Z0ZVS25TX3dva0ZCbklnRXpJZHdNN05kbmJIanRSNDIza1dFNVBwZUU4NUFFeDJUQlNUb3lDVkl0dGd2X1NZeTZZa1VIUUVXbzg?oc=5,12012025,A growing metal AM portfolio at EOS - VoxelMatters
19,Revolutionising additive manufacturing machine learning - University College London,https://news.google.com/rss/articles/CBMipAFBVV95cUxOSzNrcm5wcU80UUhmd3prQ3Z0REd6Z09DSWtOTnZFb2RvRHljZXdLUTZ2VmxIenZnaEpXVGg5cFdGSXVzbHh6RmVDX1hXT0Y1bjR4eXNDZFRCQzVjbkxzbTlrclhuUURaNnV4a1JwYVVUR1BmczR4VzRyOGVvckxjejNrY05LVEgzMXBTZXFfWVI2TVBvSnFrXzl3ZmNRQW9WRFNMeA?oc=5,11262025,Revolutionising additive manufacturing machine learning - University College London
20,Nikon SLM Solutions and Interspectral Partner to Advance Quality Assurance in Metal Additive Manufacturing - 3D Printing Industry,https://news.google.com/rss/articles/CBMi5AFBVV95cUxNRlRIVEpqRW5wQmIyN1EzTkd5M3ZqTEh6bGlGWjBCZF9pSlRSNEJ5MVZJQWRTSktJcVAtNjExbU5YMUxmQjVoWXpHeG1RcWdwaWo3bHBPU0JzT3A4SWxRUHhmaURiYjZ1U2JTQzVERUFFM0FybG5UY3ByMEJyRHdRV0Y5SmdERk9ZVHhMQ1RIdGt3NkVzbFFObFBnVlpLOXozQTZvZFZ0dTlRVWVwWGJaSi00eE9MRjRWRTFIWEdBeW11Q1VjOTRHVWZVSHVoOGVuUVFrZGptYTNuS05vS0JaVTE4T24?oc=5,11242025,Nikon SLM Solutions and Interspectral Partner to Advance Quality Assurance in Metal Additive Manufacturing - 3D Printing Industry
21,SYS Systems to offer Tritone metal & ceramics 3D printing technology to UK customers - tctmagazine.com,https://news.google.com/rss/articles/CBMisAFBVV95cUxNT1F1RnNLYTlILUZreUZaX3dVRFlWSlJ6QzhnQjJmSEptZnBMM1hGVjcyd1JidWZNdV9aNmpDMEpMZE5hcHRISXFXaTF1WUtoUTVnVEtYN1k0bTF3UmZ3OGU4M2VPdHQwMExPWHp4SjAtTlBGOFM4N0xVS2twdTB2cDl0M0NEMjc0Umw3ZzdsV2NQMFhkOW43bkdCRTFGQlh5eW5SZTJhVHRBcEdqSWdmUA?oc=5,12052025,SYS Systems to offer Tritone metal & ceramics 3D printing technology to UK customers - tctmagazine.com
22,Industrial-scale metal additive manufacturing - Aerospace Manufacturing and Design,https://news.google.com/rss/articles/CBMipAFBVV95cUxQOG9XNlFKY3g3TjB5NkNtV2RWWFNMRW8xNlNJMlhIdkswbkFZLW9MUmtqSGpTckktQm1Mano3RngzRkJiNmZ4T3dSQ1VRMllkSGdCTEpUbXlqZlpxdXVmblhKX0VZNURWWVJTZjZxSXZkaTgwZGZoVU1GMWRNVHBJdlF4VnhoT194ZDFPb0tOU3dJZTM0UU5tTWJfb0xmZkdwbS1UQg?oc=5,11282025,Industrial-scale metal additive manufacturing - Aerospace Manufacturing and Design
23,Stratasys invests in Tritone to add metal and ceramic Additive Manufacturing - Metal Additive Manufacturing magazine,https://news.google.com/rss/articles/CBMipAFBVV95cUxQU0RwRWQ4RlRLUHVabUNqODJKalRxX2JISDZURmZHUmYtbGJIZC1HekcxLWlhLW5lVlQ0dGQzX1E3cnZXbkViZ2czRTVzdm5femNNeFFETXFQcDhvckFkcXp6OERNcG9iQjd6cEp5aVhVOUdDWDloVGg2U1FyOUV6aW51bWp1bjFYSEVicFRzeWx3MWZHQTZXSkhub2Yydk1pdUNfag?oc=5,11182025,Stratasys invests in Tritone to add metal and ceramic Additive Manufacturing - Metal Additive Manufacturing magazine
24,Protolabs adds Colibrium Additive M2 metal printers to expand U.S. 3D printing capacity - VoxelMatters,https://news.google.com/rss/articles/CBMitwFBVV95cUxPckxnZW1ZeG56VmJ6cUtxWGRuUklycmV5YTRDSzkzYVRkaERtZlNPLXo4anBremgyVHJWZVhYYnl4bUtXcEVZVVZ6T2E2N0o1YVVDcndYaUx4emlTd1RMdlZrdnJOTnhRQ3FtZ2lNT2gxNmR3TU1melB2TDhsUF82NG95SnN6STIxRnUtZzY0LWtVZWNQYV9fdHkxMThydjNDeWxaYkZqWnNHWHpnVjRGLVNHcExScjg?oc=5,11162025,Protolabs adds Colibrium Additive M2 metal printers to expand U.S. 3D printing capacity - VoxelMatters
25,Continuum Powders Welcomes Christine Furstoss to Its Board of Advisors - GlobeNewswire,https://news.google.com/rss/articles/CBMi2gFBVV95cUxOdnFiZy1EdFh5R3BxYmtEbUI2SGNHUHdNNFpqQWctaWhhRXJuZm5hTFVxTVNUSXhocEt3Sko3WFJZa2dHZmRqZ0ZjZENsclZ3NE1RUjlxeEtWem84WkYyREJ1aFh6eUNycjVxLXJ3Nk1hZjhfZmdiZ0xseHZCV2hJM0NNa3Y3Ym9xVm0xSXFyc0NoQnFURUxDV0FINWNtUTNvdG42UFI4Z1JDeHBJR1JjM3Z3bFpYN0tIaUN5ZXJYcjVxbUpaMnZiNEd0Q3FlM29HV0JlQVMtZ2JRZw?oc=5,12042025,Continuum Powders Welcomes Christine Furstoss to Its Board of Advisors - GlobeNewswire
26,6K Additive Goes Public on ASX - 3DPrint.com,https://news.google.com/rss/articles/CBMiakFVX3lxTE50Ykl5bmhXUUctLV9Oc2swQjJiVF9vYUprMGkyaXVzWmxpVmFaTGFZdEhHUGI5Vm05NWpvWmkzSGpWVTZWaU9sRU5vWEhNTV9WdjdpeTVyZVhfY1hxc21vLVNDVUwtbXhPUkHSAW9BVV95cUxOeXVua0JiWTVYUUYtUC13b25yZ1V5OG1fangtUUVvVkZwQ0xHTm9hWV9DX3NYaUdRQVdhaXR6SjBnS2tuSWxsUkhKZDNWRXNXZmZIOGlvbFRSaW1uSFZ6NTlwRU5ZNmtRTTUwbHZBS3c?oc=5,12042025,6K Additive Goes Public on ASX - 3DPrint.com
27,Babcock and Plastometrex support UK MOD’s Additive Manufacturing push - Metal Additive Manufacturing magazine,https://news.google.com/rss/articles/CBMimgFBVV95cUxQRWZqU1owa0JtV0cwUVMyQ0FaNVcyeUVLd3hsWGRxY1UyVHpkOWJhRjVaZzYwcTFlaGtBeWM5UWxkRmdFcXlpVXktYy14N0QzQlE4eVBWZHdvZDZkNUo5Qy13dVdHa2Q3MGdtYlJreFgxQms5YnlpZzNwZHJIUDYwWXE0Y3RxUTFkRGloVktnSGRyRVpEaHRheUlR?oc=5,11212025,Babcock and Plastometrex support UK MOD’s Additive Manufacturing push - Metal Additive Manufacturing magazine
28,Interspectral AM Explorer Suite | Metal 3D Printing Quality Assurance - News and Statistics - IndexBox,https://news.google.com/rss/articles/CBMipgFBVV95cUxOaXZXbVZiMUlKWXRGcFVxcVJCOThEV0lQM2N6WVVpS3E0dDROeUItdjFJNWlWdjZBSHpYTzB0d2R2MV9Zd0VqUXlyRVVjWUxHQTZFNDUzRUFsRy1ySEIwMHFBcENYNXpHYUVRSDI2dmhXYmEzRHFFTDRpOWp2R0M2UUhodzJyeUpyajB5eUd5SFcwRHlKUC1hNnNuaXliUG54clRVblpB?oc=5,11282025,Interspectral AM Explorer Suite | Metal 3D Printing Quality Assurance - News and Statistics - IndexBox
29,Metal Heart clinches Seifsa award for patient-specific medial implants - Engineering News,https://news.google.com/rss/articles/CBMiwAFBVV95cUxNenpDdXNSTWlKQ1pCVWRHMVZZWXZISU5lQUZVUHRpS1l0Rjhsbk5MV2dZQjhfOExMQXNhN2hFUEtwbkxzSkV2dkx6VjNqUjJZamFLLWw4R1Zsdm11aUsxLXBTaDIxSmZndk5kMm5kRFZWOHpIMVJBMW5rcGFSeWRCRWJIWFRFcDV4TFVYazhkX0NGcHlLMC1jVVgtaDFmbjQ3RDJYM05JY2NtaV9FM0lDYVJxNmdhdnZDSGJ0Q2hoOVk?oc=5,12072025,Metal Heart clinches Seifsa award for patient-specific medial implants - Engineering News
30,"Incus Reveals Hammer Pro25, Expanding Metal Additive Manufacturing Capabilities for Production - 3D Printing Industry",https://news.google.com/rss/articles/CBMi0wFBVV95cUxQUWh0YXViNHFZUWZsbWJ2SmE2ajBuWTJVbTR4V05Ka200Z2w1RGVPU0xxbHN6bFR3Zlh6RUUwalVsbTk4ZjI5SkdHN3pSZUdZeGhQcVpSajNfeHRSUFpic19qNnBsTHlJQ20yanJ3YmJONjh1S1p6MEtiQVV6dnF0WDJXNWRad2RkOU5tVDJEMGJZVThfREVucUdBbXdRalIxNVNxWHlMX3YycDBWUE9wVS1Hb0F4bkdXdUtUTjVPSE5uN2dhUTZBaFNtajNZQWdpNHJ3?oc=5,11112025,"Incus Reveals Hammer Pro25, Expanding Metal Additive Manufacturing Capabilities for Production - 3D Printing Industry"
31,"Hiperbaric brings advanced Hot Isostatic Pressing to Formnext, unlocking full potential of metal additive manufacturing - tctmagazine.com",https://news.google.com/rss/articles/CBMi4AFBVV95cUxNZ3c4eWhyU0NKN0ZNTy1mXzJ3Y1Bqa2tqNGdqNXlLT0R5R3BoNVdnX1FwbWNxYzV3TGxTNHZJdWJhTElrQkgxTklNX0JyWDREN25ONVVranlsTjlCRXIzREZUQ1E0VDFaUnVhcWszbzBxVlJDc09DRHhGemd1dFNkZl9PWTlqOFJ4ZTZZNXpvOHM2RjNUNXBUMG0zVS1CNjFMb2NscWtRcFVFUGJZQUZLT0lfS2xVRFBWSkhBNHpWYW4xMnZPZmppWHM0TDY0RnVZa1ZRVl9wMmxTVnV1Sk0ybQ?oc=5,11122025,"Hiperbaric brings advanced Hot Isostatic Pressing to Formnext, unlocking full potential of metal additive manufacturing - tctmagazine.com"
32,"HP Drives Additive Manufacturing Adoption Through Portfolio Expansion, New Material Innovations and Global Collaborations at Formnext 2025 - HP",https://news.google.com/rss/articles/CBMilgFBVV95cUxOTVF0Zm5OSXFJVFBrWUtaMV9PbWxhai1wRlBKSnZvSnlTckhxWlRBZVZKY0JFY00zUzBfbWtaS3hiR1FhNmpFNElGNl85QlF4U1Z3ZVBhYjZuNGg1UVhfZ2Z1Nk54QnA2c3NRMWhFc3BkWmRRWC10WE5ybDh0VXNzSnRRLXU1OEc2NmhVTUd1UXNJcVc4amc?oc=5,11182025,"HP Drives Additive Manufacturing Adoption Through Portfolio Expansion, New Material Innovations and Global Collaborations at Formnext 2025 - HP"
33,Additive ​Manufacturing: Emerging Innovations for Children - Unicef,https://news.google.com/rss/articles/CBMipgFBVV95cUxPem1mcEt3WVpmOGhUOThlc2M0aXZRZGJrcmFtWFhhNFZkOEpmaHBSTTNfRjlRRm9hSUY4ZU9Qdkd1OEV4ZFQ4ZlVCU3FyQWFrQjJEZDF1ZDZLbUlLX29Sa25CaWl3SlRtUksxSExfeGNkZnE2UFJpbi14UjRDV1VBRFFCakxmUUUyZi0tSElRTUl4a0hsUGZCekp3YWVnREdjaTdHalJ3?oc=5,11132025,Additive ​Manufacturing: Emerging Innovations for Children - Unicef
34,Piezoelectric truss metamaterials: data-driven design and additive manufacturing - Nature,https://news.google.com/rss/articles/CBMiX0FVX3lxTE5hUEN1Ym1iTFFlNGhKZjJkZ1dkZm1RTE9qQUZzYjJlZk1VSG05TnJ0UWlSdjVmTFd3NnRYbXJ4ODc1ZDZveHc1UV9qSUFjcmcycTVjZW5ReXJ1VkRmYVVZ?oc=5,12032025,Piezoelectric truss metamaterials: data-driven design and additive manufacturing - Nature
35,Infographic: A Look Back at the History of Additive Manufacturing - 3Dnatives,https://news.google.com/rss/articles/CBMipwFBVV95cUxNd0w1QlBxbXMtRkR1YjBVd2s3UHdGd2VQbmVaLXFaMTdxTUZubTNOMGNyRFdNUVE2YTlLVHhuZmczcWVneHp6eWw5d0tFeUZZUkU3clBJY1lJSC1seTAzZVNxRm5jQmJzME9YUV9fU2E2ZC1LVjl0blpkZmc4X3NzWFRFU3I5Tzc1Ym94dnIwSFU0M0l3SmpGVF9MUEVrZjV6QmJhRThKZ9IBrAFBVV95cUxQdDFYX0JPajcwMkNlcE8wSkMyU0JjS3RfeGh2c2liTlhlN0ZsOEZjMkhHMzNVRC1reXhiV21pTHVsc1NiZDRpT0ZzUlcwLXdKb0N0QW8tQ1RqUGlsUEtva3ZxMjhJSzFGdzF6NzFXVzFKZFdFaDNSZHl3dFhfbFRxcU1jMVRreG5LM0RPSkI1S1pwUndIaHZlT1VKZndZS0llTzVNbFN4QkQ0UDQ4?oc=5,12032025,Infographic: A Look Back at the History of Additive Manufacturing - 3Dnatives
36,ASRY and Roboze launch Bahrain’s new strategic hub for advanced additive manufacturing - ZAWYA,https://news.google.com/rss/articles/CBMi4gFBVV95cUxNbkdkMmcwQ2N5OGYyY0NXcU83Rzc4UlN5SWRTX01LQTBIUW9TWnhNbVJCdVhlQlM0TnFPSmVKLTBIbUw0bG5LVUVQNVplTEVDM0FFN1RqTFRtOGl4azJaV05EZFpPYjB3T3RIME9YQk5XRy1iSTBjeTFwR01jOFJldC1lbGM0anlGWmpaOHRBM3R3NEoxOHRjenFXWFFsbHY2RzREd1NuT1ZTWHN1NXl3cGJ0anR0cXhzUHJOcXB3NzBkZF9OQ2FueDR0YWlMTkVaQjU2LWR5ZGxvWkRJdkpJLW93?oc=5,12042025,ASRY and Roboze launch Bahrain’s new strategic hub for advanced additive manufacturing - ZAWYA
37,Additive Manufacturing Unlocked | Webinar by IICCI & UCIMU - Machine Maker,https://news.google.com/rss/articles/CBMi0wFBVV95cUxPN1hmUjBtd0ZzLURMLVY2LXFmT2h3UU1XeDB5VXBPa081eGhGOXBUWHRhSkhQU0RkdFNlbkFJdXktQmoxTXpoZ3JvNmlxTlRadk1LbmZibjBBMUVHQklQR252RW1ycnJrTW13V05sQm9vM0JJMzlnbDlUMzZGN3pSTWU0UFFIOXJ3N1EtWnNYc2JUUHNOelRQQXNGRzk3aW1JemZrMExKdGZyLXZFMlhUNlFDRkJnRHk5N0tYRzRTZHcwM0trdzJtNWpkVVljbVJ0TTNv?oc=5,12052025,Additive Manufacturing Unlocked | Webinar by IICCI & UCIMU - Machine Maker
38,AI Drives Additive Manufacturing at ICAM 2025 - 3DPrint.com,https://news.google.com/rss/articles/CBMifkFVX3lxTE9kblpvV1BoNVdjeHgwQThIQVhwT3BGcGYzREM3YnFwTEVxd25lcmlUU3ExUXR6NkFGc3JtUW1XeWRrVk5COGZ4VTdtUUZ5M2dtUWhFZGV3YjdGU0NTMUp6eUdCVGkybDh4M0ViWWNSbmphOG14M3RibnV6QzRwUdIBgwFBVV95cUxQZGJGbU55dlRvam1sQUdGLXhfUkhIY2VBRkxYNnk5dGFKZTNxSkFlUENHbUpoMXNiRkNlb2dMWmdkWHM2YThFUzZCTnU5WmZZbmNXc09vU05zQ1gxN0R3bUNUU2pDTktQUE4teFpNdFdVd2hfeGJIWlpNZHlOUFRmemNyVQ?oc=5,12042025,AI Drives Additive Manufacturing at ICAM 2025 - 3DPrint.com
39,ASRY and Roboze launch Bahrain advanced manufacturing hub - Logistics Middle East,https://news.google.com/rss/articles/CBMinwFBVV95cUxPczNVUlF5WDZjZVI1eUg1eUp3c1JpZlZ0SlMyMk5Vbk9BZ1hESnkwci1Rbl8tTDFYR3EzNWlzUmpiNXFZeHZObDNaV3lGZ2hONHNPQWx2a09OdlMwSnpIcEd1andRYlNFNmtaU0szcDRFU3M5eGRZX3NSbEhPS2ZVV0lXTmhkcWV6RGdVVVQ5d0pnUEN4UUlaUi1LRG51OUE?oc=5,12052025,ASRY and Roboze launch Bahrain advanced manufacturing hub - Logistics Middle East
40,How additive manufacturing is supporting the development of ISAM and ISOM - VoxelMatters,https://news.google.com/rss/articles/CBMinAFBVV95cUxPRGt6amp3YkNqNzN0TjdmZXRhd2FlbnV0TmdfZVBfRERJYlVtdGhaRVVpX2FDUWNubXN4aHBTRDZNeFpvbHo2NlVUUU8tY0J2UXRPZGMzYklJcUt2M3ExdzJGWWg2bVNQX2E2UUFOLUhqMXQ1WklzSDAycGRiVHRtQzF6M1pLaGdTVW5BRFhzSUFPaDktMWJvU1Q4MXE?oc=5,12032025,How additive manufacturing is supporting the development of ISAM and ISOM - VoxelMatters
41,IREC launches advanced hydrogen technology manufacturing plant - VoxelMatters,https://news.google.com/rss/articles/CBMilwFBVV95cUxQNy02bUg1LWxjMFN0TlVXREV6WFcyZkFsU2s5MWpMUXU3TEZ0bUFvel84WVhzZ2sxMWN4YmNiR01Mb1BnVy10Y3VSSUw3LXpGWWN5bFhTaWllM2N6ZGlGVXZWWTZnX1BxR2k5elVXTnZELXh5ZkRGODljazBLZmxEaWoyUnFwdWtMcFdQamYta25hRmVIWV9R?oc=5,12062025,IREC launches advanced hydrogen technology manufacturing plant - VoxelMatters
42,Data-Driven Wire Arc Additive Manufacturing for Industrie 4.0 - 3D Printing Industry,https://news.google.com/rss/articles/CBMiqAFBVV95cUxNeDJFV1N3bkNvVFFtMElQd015cW9jaHpWbVNjdGtRb21SeXVIemtTbDVIZnBWVlBHQklVeGVQWjBMZnM2azhUYkpNcHN3a29sbk5vNWZ2aFlqNzJrQnNYWWtQUkM2NjJRTTBncTllZWxYemZlZUtuSDYyZnNkN2kwbEFBU2JBRjBjMGM0Q3A3aGxFNlhFQnZPbEVnbW5GbXpuTUxwaUNzUTQ?oc=5,12042025,Data-Driven Wire Arc Additive Manufacturing for Industrie 4.0 - 3D Printing Industry
43,LIFT launches three Dow-focused 3D printing initiatives - VoxelMatters,https://news.google.com/rss/articles/CBMijgFBVV95cUxQQzNVLVZfY0xLYjBGV2s2bFFQNTdyLS1yeHJ3VGFMUnBhTHc2TGVfOGh4SHVqNE1qamZ5bXVPRU9udjlyNElyWU91U1BUamplXzA5MnlTUG5fMlotXzhiNzZxWGR4ajRrcFBqR1RzZWFGbEMzRGNxTTIzMHJBU0h6N3Raa0dMNThZNEJDeUxR?oc=5,12052025,LIFT launches three Dow-focused 3D printing initiatives - VoxelMatters
44,Roboze and ASRY sign partnership to build AM smart factory in Bahrain - VoxelMatters,https://news.google.com/rss/articles/CBMiuwFBVV95cUxPOWFqbXlLQnZxNk1HRENvb0l4S1dWSDVJQjdMTUpxdjk5MFNsS21WSEdXRlVmUlQ5X1pKdmVvZU00WmljQ2IwenBpSWNCeGt1OUpHMTRpeERaVU9QYm1ScDN6ck9YSUs4bjk3LUh0VDRkTEpVNnNlTVhaNTMxNWVtNUNVNkk4ME05eWtDSlpraV8yUXRhVHdtU2p3dFFUUnRzZHloTmFWWTVGNkhxclM4ZTBsQTdmNW9IV1hF?oc=5,12032025,Roboze and ASRY sign partnership to build AM smart factory in Bahrain - VoxelMatters
45,5th Ceramic 3D Printing Meetings in Limoges spotlight multi-materials and new sintering technologies - VoxelMatters,https://news.google.com/rss/articles/CBMiygFBVV95cUxOSmhnWHY3Ui0zMElaVU9wYlM5c1NpOGlMTG9ZYW9sZHpkZjRIb1F3RUZkZEQwNDZTRVNOZDItSW8zcDFGQ2Y5bXVycG1idXd0T2VETlFSMlIxMGtYYVZLRzdDbU4xYUV4TlA0THAtMDhIMm9YelZwSFBIdER6R29hTXVZMzV1cl81SHlOYmdkMnYwSFFfaTFfWERTb2hOdWVjYUh3T09ObUhwaVFoNUdJNGVScVFnWVloVDNodDhSMGFRX1Z5NldXYjlR?oc=5,12052025,5th Ceramic 3D Printing Meetings in Limoges spotlight multi-materials and new sintering technologies - VoxelMatters
46,6K Additive Raises €27.2M in IPO for Major Expansion in Pennsylvania - etmm-online.com,https://news.google.com/rss/articles/CBMiugFBVV95cUxOaWM1UlQ2b1Fmd3lFeU5admtqOTVpSWpaV194Y1NyZ2xBenlPWGNOR2lvZENJbjVDQXZwa3NsY0pxZk1nY0tBR3J2MTU2RXJXVENpZHhIaUV6cWFFSFlmbTJvNDBKZjVEdE9BM0tPblM5blRuNEdIcG1BY1ZnNGVLS3ItWjl4UExDaXV5M1lveXljVVhWNTBud3hLZVR1bXNTc2hhTUZIQTlBOFh4dzNmMGxSYVUwaTZCOGc?oc=5,12052025,6K Additive Raises €27.2M in IPO for Major Expansion in Pennsylvania - etmm-online.com
47,Bio-inspired material-structure-function integrated additive manufacturing of Al-based metamaterials with surpassing energy absorption - Science | AAAS,https://news.google.com/rss/articles/CBMiX0FVX3lxTE1oMl93dWN5WllfdHMydWUwQTNVQWpnVmpoUHlySTQ5b1BCSHZtNzA5UnVFWGVuekoydHZzYlV0NEhMQk5tYmpUVXpCek05WW9WQ0sxSGE3OE9rMDdQYzRN?oc=5,11142025,Bio-inspired material-structure-function integrated additive manufacturing of Al-based metamaterials with surpassing energy absorption - Science | AAAS
48,Protolabs Expands US Metal 3D Printing Operations with Major Capacity Increase - Machine Maker,https://news.google.com/rss/articles/CBMisgFBVV95cUxOaU4wb1VnUmFuT3BBeW9MajFqbmlsUlVFR244a1Y2em1MM3VRTTVydWhDdTlTOEhkdzVHV0hQS2NYcmZnRkZRSFJKNjlERHFDRnBNamEtMmZIWVd2UTNJd005RU15SFkzdjlFWjNQZklrQjFFX2VpcWJyd2lsQlZqY3NmRjNYNjFVWmtaS09qVW1yaVhzZWNxVTNaME5BWkI5eTMzWVhFSTU5aHpCakdLZFp3?oc=5,12022025,Protolabs Expands US Metal 3D Printing Operations with Major Capacity Increase - Machine Maker
49,6K Additive Goes Public on ASX - 3DPrint.com,https://news.google.com/rss/articles/CBMiakFVX3lxTE50Ykl5bmhXUUctLV9Oc2swQjJiVF9vYUprMGkyaXVzWmxpVmFaTGFZdEhHUGI5Vm05NWpvWmkzSGpWVTZWaU9sRU5vWEhNTV9WdjdpeTVyZVhfY1hxc21vLVNDVUwtbXhPUkHSAW9BVV95cUxOeXVua0JiWTVYUUYtUC13b25yZ1V5OG1fangtUUVvVkZwQ0xHTm9hWV9DX3NYaUdRQVdhaXR6SjBnS2tuSWxsUkhKZDNWRXNXZmZIOGlvbFRSaW1uSFZ6NTlwRU5ZNmtRTTUwbHZBS3c?oc=5,12042025,6K Additive Goes Public on ASX - 3DPrint.com
50,FEUP and NTU sign strategic protocol in additive manufacturing – News from the Faculty of Engineering - Notícias U.Porto,https://news.google.com/rss/articles/CBMimgFBVV95cUxPdGttZVpwMDlKb1h2WVBMSEI3RjB5Z3QybGM4NkdOdmxxZHgwMHRYNWZKLWo3bEpLSDFQZE1HcW0yMzhvV3ZoZ1Q3N1VBcncwVTROZzJORGRHOTEzRGY3S0lQTTV1dFRpN0VvNUZtOTRfbWFTMjl2MEJidTRqSzBOS0M5QUpuS3hpU1YwdS01TXRJbTBUV3g2RjVn?oc=5,12042025,FEUP and NTU sign strategic protocol in additive manufacturing – News from the Faculty of Engineering - Notícias U.Porto
51,Beyond the print: XJet’s approach to production-ready metal parts - VoxelMatters,https://news.google.com/rss/articles/CBMimAFBVV95cUxQbUtNOS14S3ZpdzlJTllSWVRfNkY4eFNOYXRzQjNwblNnUjdMY3VrQ1lSYlNwU3hwRjVGTE8za3FHbHpYR2w3TjZFWGg0RjVaaVdtVWh1RjFJank4V2Jxb0pQNXpSbzhLY0hTUi15Z0hNcnVYRUJJa256ZjkzNVhZa1dEdjlsSTJ0TmJ5TzVIaENiOVZvemxhaA?oc=5,12042025,Beyond the print: XJet’s approach to production-ready metal parts - VoxelMatters
52,Additive manufacturing partnerships galore at Renishaw - Engineering.com,https://news.google.com/rss/articles/CBMiiwFBVV95cUxOak56OXdBdU1tTU43TVdHT0VmdW1iYkRtSlpsVEFvWVlWY3Z3eV9JNGZ1NEM3OFhJdnRPa0ppSDUwQlZqUHc4akItSkxvZWJoRTBWbFBuTUYyMmc0NVpiZWxFSlM0YWE4alpNZjVmT3Nlc1ZEVU5Ecm83bXlRVF8tVnBwUFd1OEJzWVVN?oc=5,11172025,Additive manufacturing partnerships galore at Renishaw - Engineering.com
53,"Smarter, Faster, Hybrid: How DMG MORI is Redefining Industrial Additive Manufacturing - 3D Printing Industry",https://news.google.com/rss/articles/CBMixAFBVV95cUxNWTRXcVR2d3E2TzFsam9ONXB1TldlQWg3ZWRKS0J0Q2NxeHlRSUZ2UXg1RlRjVjA5NkhzMC10Y1IxVTVMT2g5ODVmZjlUanpReDBKZ2hoTEd2eTg1QnVJdHQySDRTbFRaaHAyQzNiMElOOVp0THBvUmptV0VOTm1RZ2wxdlVLNGRMX0h3bWwzUl9lb0JqVk12WlEzZEx4aTJRNFh5NHFnbThXa1JET0JicklCN2QyZ21IYU9xRFR2V2l2MFR5?oc=5,12012025,"Smarter, Faster, Hybrid: How DMG MORI is Redefining Industrial Additive Manufacturing - 3D Printing Industry"
54,Deutsche Bahn celebrates 10 years of 3D printing - VoxelMatters,https://news.google.com/rss/articles/CBMihAFBVV95cUxQTlFEMWVxUzBKSW4zODV4ZnVMcGNTREJKRk1PLUYza0JoaUR5LTlCSEw3MUdKU2JkVXBmZU5YUmpiNkxFcU9RaFdLVGdFZnVuZ0lPX2dlVXQ3QTUwZlViQ1ZrdHkwSXlETmgwLTFKM1R3WkduQ25NZ3p2UkpoWktHbXdJNXc?oc=5,12032025,Deutsche Bahn celebrates 10 years of 3D printing - VoxelMatters
55,"Additive Manufacturing Market to Hit USD 114.46 Billion by 2032 at 23.99% CAGR, Fueled by Rapid Prototyping Revolution: AnalystView Market Insights - Yahoo Finance",https://news.google.com/rss/articles/CBMiiwFBVV95cUxNbzRURDVRQlhpRTdwNkNuUnp4LTVQVkhMQWJFV3ZaZy1EYlJvZTdZQUFESThaRkN0aWpoYmhoRzUyWnpwSlIwM1VVOVpTOXJhdEM1VWtXQWE1U3hCOEIyLUg4UFlHTjR0cXotZVB5V0ZYUEhqMVdBRWJ4bWdabElxZjVYWmMxRFhEZ3Br?oc=5,11242025,"Additive Manufacturing Market to Hit USD 114.46 Billion by 2032 at 23.99% CAGR, Fueled by Rapid Prototyping Revolution: AnalystView Market Insights - Yahoo Finance"
56,DNV updates DNV-ST-B203 3D printing standard - VoxelMatters,https://news.google.com/rss/articles/CBMif0FVX3lxTE1fdGdDTUlmcjA5RzNQSVlMRnJBSG5UN21GVkhlMWNmVGVqLUxFbGZTTFBnMGxLd1dWSm9IXzVkT21odklDYXJoa0E0RXZGVHRBUm9Fc0Rncmx2NkdLVHAzZnYxSmpZZUU2bTNsV1BRTEVIc3FaQTVNS0NtYnk1WDA?oc=5,12022025,DNV updates DNV-ST-B203 3D printing standard - VoxelMatters
57,"Stratasys Announces New Materials, Features, and Software Advancements to Accelerate Additive Manufacturing Productivity - Business Wire",https://news.google.com/rss/articles/CBMihgJBVV95cUxQbzNBTkI2TlR1S0I3SndmSDhucEpHQ0xTN2Nqc0JYWHVnY0tqblF5YVBrc3oxenVKVmhCa2dPUkp0RlRoTFM0QjBxd19PaWdLUF9LcjdvY1FHRURGX3RoWlhzZ1N0M3ppOVhRUXZnemdfdmFtQWEzR3QxNFVNa19jMGV5UnBSNmpid2VHdkpFU3NrOGZaUnU4cWJfVHpOT1hOemI1aDZ6MWRuYXpiM0t2dEdadjJxRTFhNVpSYnpoMmFsT2dnQ1Q5WFkwTkFYYzA4WTRWRGtHT1M4NjhRMlFWbldVRlRXSnNUdEU2WXY1VElrZHZ3Sm1iTVJudXNkTU5Lc3VpMThB?oc=5,11112025,"Stratasys Announces New Materials, Features, and Software Advancements to Accelerate Additive Manufacturing Productivity - Business Wire"
58,"Entrepreneurs turn idea, seed funding from Mizzou into a multimillion-dollar 3D printing company - Show Me Mizzou",https://news.google.com/rss/articles/CBMiyAFBVV95cUxNNEViX1dhb01nYWZRMUJzTVFMcUg4TlpmTk1ULXVXeVNrLTE2RjZqcW1nT21vU1NGcGdKSDF6NnJmMjMtUTBSSHowOEFqTGktVVpMZXBIWjZZYU5OakFjQnltclV3WS1xLXVQNXppSVZxU2hkZWNxTXQwX3ZuSG5zeGlPRXh3cS1Nck5iOEt4NnZ0RFhWZmhlNFdqMEozNi1tRnI2NkotQ1ZkQ2pUVHczaVRXQmhCRFliSW81ay1wLVh4cW1IVkZPTg?oc=5,12042025,"Entrepreneurs turn idea, seed funding from Mizzou into a multimillion-dollar 3D printing company - Show Me Mizzou"
59,Researchers increase part strength with advanced simulations - VoxelMatters,https://news.google.com/rss/articles/CBMilAFBVV95cUxPZjhXXzR5UDNVSGxzdzEycDNhVnhIRDAxSUs0UUFHN253ejRZMlY3S3N4M25lYVhqcVpESEdURFRPYmotRzVyR2ZOUHJjUzV2YVlSdG90RHJjLVBNWkxZRGJYVFlaNTJKR0N4eEcwUC0yXzIzNXRGTndjODJPS0xUT29zX1RLaUxFenpkQUpsUVNncjlL?oc=5,12062025,Researchers increase part strength with advanced simulations - VoxelMatters
60,SWISSto12 Celebrates Success - 3DPrint.com,https://news.google.com/rss/articles/CBMiZ0FVX3lxTE4yRkhCUFJSQmpOODZfXzI0QVBOdC1BdXhvSTB3ZVlMbmlDZFpvUTlKUzNLMWxUdEJUdk5JRTFORGhQbk5CUVRzM281ZU5vTERuT0lMZ0tUdkItMjMxallQeWdSbEpRZDjSAWxBVV95cUxQeVg5ekY0MWNhMmd4RGNxRzR5dFVKWExWZVFWYU5lUVFrZW5IX1h0QTZPck8xZ2hUWUZkVzc0aFpJdkNJdXFuT0psQVRlaVJ5emZtd2RIWEZBVkZfbHRnQmZWRHJXcGxYRmFzSEs?oc=5,12062025,SWISSto12 Celebrates Success - 3DPrint.com
61,New Collaboration Between MTC and HP Supports UK Additive Manufacturing Growth - 3D Printing Industry,https://news.google.com/rss/articles/CBMivwFBVV95cUxOVXp4M19EazVmeDl6OWFLYjZGNEotWVFtODZ0MkwxaFJnLS1Tc2xPVlBRRWpRejZnYWVQWm5ybm9xcEp3WTdKQjJZOUpNWHY2MzViZjJ1QXlOXzZReHBUV0hFLUZBVDlxeTlzeGxySTVQZ01OMzMzcTdMQ1k1YVE2bXUzdU9kYVdTM3NmRVB3M0N3NW84ZUNwZEZubmhiTUMxMGxzdEN3WTF3OGNBYTllcHRqWndTYXM0blRDaW4xaw?oc=5,11172025,New Collaboration Between MTC and HP Supports UK Additive Manufacturing Growth - 3D Printing Industry
62,ASRY Signs Major Strategic Agreements to Strengthen Maritime Capabilities - The Maritime Executive,https://news.google.com/rss/articles/CBMitAFBVV95cUxNMktueVJabV9Vb09DYlV5RHRaWF85dHNCR3psbndaUUNzTF9ZVHFBNHdia1VBOVNjVC1WT0lkbnRBUVpQSU5Xb1J5OW83d2tfU0o1QXNsUlJrQllPN3luOUd1bkZ3ZHZCZkFmUDljaUF6aXNDSDJpRHhFNEtzcVZfWlFuSWNoVmg0ODZBZG95OHU2aUJTRUJxX1RkaVRjMG40WWl0TElYUGhpMTVjZmhPb1hENWk?oc=5,12062025,ASRY Signs Major Strategic Agreements to Strengthen Maritime Capabilities - The Maritime Executive
63,Mosaic secures $28 million funding to propel adoption of automated additive manufacturing platform - tctmagazine.com,https://news.google.com/rss/articles/CBMiqgFBVV95cUxNaEhVZjJaY0pHRXcwSFUzM3NjaFAzVmV6eU9MN25XbVFrTWRGX09GN3FHVXl5ZW9ITzhJWFRqa0h6a3F3SzJWX3dLcW1lSjZBaXMzWHVhUU5JREpabk1lSTYybms4MVpTWDB2SFRIY0FybXRKcExxNm5Najd5bTFNM2M5bnRXTzJvUFM0QXRwOW5TMGRSanlmYTV1VnFhaUdDcnZHT3pydGx6UQ?oc=5,11272025,Mosaic secures $28 million funding to propel adoption of automated additive manufacturing platform - tctmagazine.com
64,Stratasys Highlights Scalable Industrial Additive Manufacturing Solutions at Formnext 2025 - Business Wire,https://news.google.com/rss/articles/CBMi4AFBVV95cUxPZ09Wb3RqMTR5bEdsVW8wRHRaenhDX0c5Wm9YOGJPbHN6dVFwNjdSUnRITGJtR29NczJpeVlYSDk3c1Y3bTlKSWxJZTlwX2tCSUVoWDBmTjZzaEZOMXc2ODJ4WVVaSWtoaVlka2Z0aWVNTVctb0JUYWtPeWxTajZxQ3JqSWxyWDE2RHpNdTdTVmR6OVZUMjN3MGluZWtWTDhPQWFIZmlWR0VNXzdjY0MxbTlmcVZMQTBqekx2cTRCdmt5ZnhPUmRCRkFzWXNka1lCOEJyNDVXeGJHWTg1bF9iVQ?oc=5,11102025,Stratasys Highlights Scalable Industrial Additive Manufacturing Solutions at Formnext 2025 - Business Wire
65,$3.5M NSF grant empowers multi-directional 3D printing - VoxelMatters,https://news.google.com/rss/articles/CBMiiwFBVV95cUxNTGFMbzZfSHdjd2ZjXzhQZjFTenBvUjVnbHBTS0pOOUQ5Y25KWXBTMkZaYVQ4ekJQRFMxOUJNbDJyMUd4ZnVadW8zdjFVTEtRUUdYQmh0VEhfcG5Id2g5alEtWThYRGNLZ0NoeUVBTEd0TmdqM3FZX0xTVGtGY1BoRS1INFNmcllXNC1R?oc=5,12042025,$3.5M NSF grant empowers multi-directional 3D printing - VoxelMatters
66,Exentis secures order for ten machines for large-scale industrial Additive Manufacturing in Asia - Metal Additive Manufacturing magazine,https://news.google.com/rss/articles/CBMivwFBVV95cUxOYUFnX3ZreXpQa0E1N1BYN0p5Si13TDM4TVNORjRrMFgzYmZZeFlGVUxpTmx0TkV2SnVtTVVXZl9YVU9tR1pWWVkzM1FRVTB3QnRlZnFlQ3JZRVpxR2xYR3dtTGVSYktNSVBhUEdLZjF1TVltV3lQcThOSVJBUlY2UFVBWXl5T25Gb01uczdweDk3Z1ZRUVZCQW94YUF0ZUVVa0dMYy1XWU5kSGxIMGFsT1VsN3BQWXRfQW5BeUlGYw?oc=5,12042025,Exentis secures order for ten machines for large-scale industrial Additive Manufacturing in Asia - Metal Additive Manufacturing magazine
67,AI Drives Additive Manufacturing at ICAM 2025 - 3DPrint.com,https://news.google.com/rss/articles/CBMifkFVX3lxTE9kblpvV1BoNVdjeHgwQThIQVhwT3BGcGYzREM3YnFwTEVxd25lcmlUU3ExUXR6NkFGc3JtUW1XeWRrVk5COGZ4VTdtUUZ5M2dtUWhFZGV3YjdGU0NTMUp6eUdCVGkybDh4M0ViWWNSbmphOG14M3RibnV6QzRwUdIBgwFBVV95cUxQZGJGbU55dlRvam1sQUdGLXhfUkhIY2VBRkxYNnk5dGFKZTNxSkFlUENHbUpoMXNiRkNlb2dMWmdkWHM2YThFUzZCTnU5WmZZbmNXc09vU05zQ1gxN0R3bUNUU2pDTktQUE4teFpNdFdVd2hfeGJIWlpNZHlOUFRmemNyVQ?oc=5,12042025,AI Drives Additive Manufacturing at ICAM 2025 - 3DPrint.com
68,Additive Manufacturing Unlocked | Webinar by IICCI & UCIMU - Machine Maker,https://news.google.com/rss/articles/CBMi0wFBVV95cUxPN1hmUjBtd0ZzLURMLVY2LXFmT2h3UU1XeDB5VXBPa081eGhGOXBUWHRhSkhQU0RkdFNlbkFJdXktQmoxTXpoZ3JvNmlxTlRadk1LbmZibjBBMUVHQklQR252RW1ycnJrTW13V05sQm9vM0JJMzlnbDlUMzZGN3pSTWU0UFFIOXJ3N1EtWnNYc2JUUHNOelRQQXNGRzk3aW1JemZrMExKdGZyLXZFMlhUNlFDRkJnRHk5N0tYRzRTZHcwM0trdzJtNWpkVVljbVJ0TTNv?oc=5,12052025,Additive Manufacturing Unlocked | Webinar by IICCI & UCIMU - Machine Maker
69,ASRY and Roboze launch Bahrain advanced manufacturing hub - Logistics Middle East,https://news.google.com/rss/articles/CBMinwFBVV95cUxPczNVUlF5WDZjZVI1eUg1eUp3c1JpZlZ0SlMyMk5Vbk9BZ1hESnkwci1Rbl8tTDFYR3EzNWlzUmpiNXFZeHZObDNaV3lGZ2hONHNPQWx2a09OdlMwSnpIcEd1andRYlNFNmtaU0szcDRFU3M5eGRZX3NSbEhPS2ZVV0lXTmhkcWV6RGdVVVQ5d0pnUEN4UUlaUi1LRG51OUE?oc=5,12052025,ASRY and Roboze launch Bahrain advanced manufacturing hub - Logistics Middle East
70,LIFT launches three Dow-focused 3D printing initiatives - VoxelMatters,https://news.google.com/rss/articles/CBMijgFBVV95cUxQQzNVLVZfY0xLYjBGV2s2bFFQNTdyLS1yeHJ3VGFMUnBhTHc2TGVfOGh4SHVqNE1qamZ5bXVPRU9udjlyNElyWU91U1BUamplXzA5MnlTUG5fMlotXzhiNzZxWGR4ajRrcFBqR1RzZWFGbEMzRGNxTTIzMHJBU0h6N3Raa0dMNThZNEJDeUxR?oc=5,12052025,LIFT launches three Dow-focused 3D printing initiatives - VoxelMatters
71,Data-Driven Wire Arc Additive Manufacturing for Industrie 4.0 - 3D Printing Industry,https://news.google.com/rss/articles/CBMiqAFBVV95cUxNeDJFV1N3bkNvVFFtMElQd015cW9jaHpWbVNjdGtRb21SeXVIemtTbDVIZnBWVlBHQklVeGVQWjBMZnM2azhUYkpNcHN3a29sbk5vNWZ2aFlqNzJrQnNYWWtQUkM2NjJRTTBncTllZWxYemZlZUtuSDYyZnNkN2kwbEFBU2JBRjBjMGM0Q3A3aGxFNlhFQnZPbEVnbW5GbXpuTUxwaUNzUTQ?oc=5,12042025,Data-Driven Wire Arc Additive Manufacturing for Industrie 4.0 - 3D Printing Industry
72,6K Additive Goes Public on ASX - 3DPrint.com,https://news.google.com/rss/articles/CBMiakFVX3lxTE50Ykl5bmhXUUctLV9Oc2swQjJiVF9vYUprMGkyaXVzWmxpVmFaTGFZdEhHUGI5Vm05NWpvWmkzSGpWVTZWaU9sRU5vWEhNTV9WdjdpeTVyZVhfY1hxc21vLVNDVUwtbXhPUkHSAW9BVV95cUxOeXVua0JiWTVYUUYtUC13b25yZ1V5OG1fangtUUVvVkZwQ0xHTm9hWV9DX3NYaUdRQVdhaXR6SjBnS2tuSWxsUkhKZDNWRXNXZmZIOGlvbFRSaW1uSFZ6NTlwRU5ZNmtRTTUwbHZBS3c?oc=5,12042025,6K Additive Goes Public on ASX - 3DPrint.com
73,Protolabs Expands US Metal 3D Printing Operations with Major Capacity Increase - Machine Maker,https://news.google.com/rss/articles/CBMisgFBVV95cUxOaU4wb1VnUmFuT3BBeW9MajFqbmlsUlVFR244a1Y2em1MM3VRTTVydWhDdTlTOEhkdzVHV0hQS2NYcmZnRkZRSFJKNjlERHFDRnBNamEtMmZIWVd2UTNJd005RU15SFkzdjlFWjNQZklrQjFFX2VpcWJyd2lsQlZqY3NmRjNYNjFVWmtaS09qVW1yaVhzZWNxVTNaME5BWkI5eTMzWVhFSTU5aHpCakdLZFp3?oc=5,12022025,Protolabs Expands US Metal 3D Printing Operations with Major Capacity Increase - Machine Maker
74,ASRY and Roboze launch Bahrain’s new strategic hub for advanced additive manufacturing - ZAWYA,https://news.google.com/rss/articles/CBMi4gFBVV95cUxNbkdkMmcwQ2N5OGYyY0NXcU83Rzc4UlN5SWRTX01LQTBIUW9TWnhNbVJCdVhlQlM0TnFPSmVKLTBIbUw0bG5LVUVQNVplTEVDM0FFN1RqTFRtOGl4azJaV05EZFpPYjB3T3RIME9YQk5XRy1iSTBjeTFwR01jOFJldC1lbGM0anlGWmpaOHRBM3R3NEoxOHRjenFXWFFsbHY2RzREd1NuT1ZTWHN1NXl3cGJ0anR0cXhzUHJOcXB3NzBkZF9OQ2FueDR0YWlMTkVaQjU2LWR5ZGxvWkRJdkpJLW93?oc=5,12042025,ASRY and Roboze launch Bahrain’s new strategic hub for advanced additive manufacturing - ZAWYA
75,5th Ceramic 3D Printing Meetings in Limoges spotlight multi-materials and new sintering technologies - VoxelMatters,https://news.google.com/rss/articles/CBMiygFBVV95cUxOSmhnWHY3Ui0zMElaVU9wYlM5c1NpOGlMTG9ZYW9sZHpkZjRIb1F3RUZkZEQwNDZTRVNOZDItSW8zcDFGQ2Y5bXVycG1idXd0T2VETlFSMlIxMGtYYVZLRzdDbU4xYUV4TlA0THAtMDhIMm9YelZwSFBIdER6R29hTXVZMzV1cl81SHlOYmdkMnYwSFFfaTFfWERTb2hOdWVjYUh3T09ObUhwaVFoNUdJNGVScVFnWVloVDNodDhSMGFRX1Z5NldXYjlR?oc=5,12052025,5th Ceramic 3D Printing Meetings in Limoges spotlight multi-materials and new sintering technologies - VoxelMatters
76,How Additive Manufacturing Is Democratizing Access to Production: The Role of High-Quality Materials - Onrec,https://news.google.com/rss/articles/CBMivgFBVV95cUxNaTZmWnhPUF9MclBpN1RzM19wRzFlRGVWZG9TTkxjX09EbHYwcGxWZTg3MXlWVXJZM1g5UXdfRDdIcmtQRTR5LVh0T0pNTG1DR1pBd2xISEFlLURrd21OYmQtN29xM1E3cGpldnB3NnZhcnJsSXFZVm9pM1pZYnBGd2lTVWJpQTVVV0tPM1lJSUZZMkhFLWRJRmJtN19VeG1ISmljWGNTaDBITVdBZnNGdzJPNG9sY2tDQlhtcVdB?oc=5,11272025,How Additive Manufacturing Is Democratizing Access to Production: The Role of High-Quality Materials - Onrec
77,"Stratasys Announces New Materials, Features, and Software Advancements to Accelerate Additive Manufacturing Productivity - Business Wire",https://news.google.com/rss/articles/CBMihgJBVV95cUxQbzNBTkI2TlR1S0I3SndmSDhucEpHQ0xTN2Nqc0JYWHVnY0tqblF5YVBrc3oxenVKVmhCa2dPUkp0RlRoTFM0QjBxd19PaWdLUF9LcjdvY1FHRURGX3RoWlhzZ1N0M3ppOVhRUXZnemdfdmFtQWEzR3QxNFVNa19jMGV5UnBSNmpid2VHdkpFU3NrOGZaUnU4cWJfVHpOT1hOemI1aDZ6MWRuYXpiM0t2dEdadjJxRTFhNVpSYnpoMmFsT2dnQ1Q5WFkwTkFYYzA4WTRWRGtHT1M4NjhRMlFWbldVRlRXSnNUdEU2WXY1VElrZHZ3Sm1iTVJudXNkTU5Lc3VpMThB?oc=5,11112025,"Stratasys Announces New Materials, Features, and Software Advancements to Accelerate Additive Manufacturing Productivity - Business Wire"
78,FEUP and NTU sign strategic protocol in additive manufacturing – News from the Faculty of Engineering - Notícias U.Porto,https://news.google.com/rss/articles/CBMimgFBVV95cUxPdGttZVpwMDlKb1h2WVBMSEI3RjB5Z3QybGM4NkdOdmxxZHgwMHRYNWZKLWo3bEpLSDFQZE1HcW0yMzhvV3ZoZ1Q3N1VBcncwVTROZzJORGRHOTEzRGY3S0lQTTV1dFRpN0VvNUZtOTRfbWFTMjl2MEJidTRqSzBOS0M5QUpuS3hpU1YwdS01TXRJbTBUV3g2RjVn?oc=5,12042025,FEUP and NTU sign strategic protocol in additive manufacturing – News from the Faculty of Engineering - Notícias U.Porto
79,Hands-On Experience Helps Rales Fellow En Route to Role as Additive Manufacturing Engineer - Carnegie Mellon University,https://news.google.com/rss/articles/CBMi3wFBVV95cUxPNmhOb2xER3hjUExLeHM0ZVl6S2hmUmo4SS1wV19abGM4TnpHQ0lUNzVtdVRkTWlnamRfblBIdE1MR1I3Y2EtWERQZXpNZ1VodzFPcUxpT0Q2QkFpemdObGxhWGhWbnRmVWdGYUJOVDB6UTMyZkRFRWFnNWZ2VmxCSUdIVURnVHJDdGM4SG5aQ1NnZWNwMGpVRnEzQkhROEpNVTRUblBWZGREbklJRW1ZVzNReWhjYkNydEZHMWI2X3ZFMW9DbmlISzVzcE5PVHE3czlEMVE1WTZETEdhaXFZ?oc=5,12022025,Hands-On Experience Helps Rales Fellow En Route to Role as Additive Manufacturing Engineer - Carnegie Mellon University
80,Beyond the print: XJet’s approach to production-ready metal parts - VoxelMatters,https://news.google.com/rss/articles/CBMimAFBVV95cUxQbUtNOS14S3ZpdzlJTllSWVRfNkY4eFNOYXRzQjNwblNnUjdMY3VrQ1lSYlNwU3hwRjVGTE8za3FHbHpYR2w3TjZFWGg0RjVaaVdtVWh1RjFJank4V2Jxb0pQNXpSbzhLY0hTUi15Z0hNcnVYRUJJa256ZjkzNVhZa1dEdjlsSTJ0TmJ5TzVIaENiOVZvemxhaA?oc=5,12042025,Beyond the print: XJet’s approach to production-ready metal parts - VoxelMatters
81,"Additure, Kingsbury and ATLIX Forge Exclusive Alliance for Additive Manufacturing - Machine Maker",https://news.google.com/rss/articles/CBMitAFBVV95cUxPYWhPb0dYQ2M1MFFTak84RWU0bXBPdEJIRlNHMmszMEJxTkk4RFlXWFdVZDFIcXJFd2pseW5xYW0yT3dlemtYVTlYb1ZwQUk4ZFJNd2E4cG9EX3JZeDYzdWh3NktQQzFZUWdwQlI4UU90bmFNcTd4SVdON0l0SHJZcFRZdnhoajM1V0h6T0JHY3VQQTZEbFliSnBSR1hCa0ZUTWZhZDBBa2lGSU1GOExQdDhqT2g?oc=5,11262025,"Additure, Kingsbury and ATLIX Forge Exclusive Alliance for Additive Manufacturing - Machine Maker"
82,BLT signs Malaysian Additive Manufacturing distribution agreement with GSH Precision Technology - Metal Additive Manufacturing magazine,https://news.google.com/rss/articles/CBMivgFBVV95cUxPcmxJbmNXVWpyalJGYlV5cXJLd1RGTE9hNmxycDlyMk9OTXJoQTNyQmtueXVMaUtHX1paNEt2QkR2QXgxb09NaUEycjB1OUFxSXd2N1Rkcmx0Yjd0RXRPbHdfUUlMZkZYRlVPZnFhbVVFaHZnbGtnSFZmVW1yLUNZajRtcWdqd3NHQm9NMmtZQVVJaVlPVXlZTEhlUGZxQlBEV2s5ck13WFdNTVN3UFVGS3drenZBbDE5dnNDZnd3?oc=5,12022025,BLT signs Malaysian Additive Manufacturing distribution agreement with GSH Precision Technology - Metal Additive Manufacturing magazine
83,China-Based Torwell Unveils Next-Generation Materials in the Evolving 3D Printing Landscape - openPR.com,https://news.google.com/rss/articles/CBMilwFBVV95cUxNRzlGRlcwZnAwVHJNUDRaamhSOGZNWmRBZlVva2Rzc2w4Q0FzRXZBQUJVMWgxek5NNXlIMzRqWWNtM1A3YWZ5WDZoSno4S0ZjY2txMExfbEFNQlMtLWwtS0xBZkttZ2l1SFNPUmRQQVF0c2xncXNnWHNicS1DZ2JCSmx3bENpS0RtelNNbjFIeVA2N3BYT1BJ?oc=5,12052025,China-Based Torwell Unveils Next-Generation Materials in the Evolving 3D Printing Landscape - openPR.com
84,SWISSto12 Celebrates Success - 3DPrint.com,https://news.google.com/rss/articles/CBMiZ0FVX3lxTE4yRkhCUFJSQmpOODZfXzI0QVBOdC1BdXhvSTB3ZVlMbmlDZFpvUTlKUzNLMWxUdEJUdk5JRTFORGhQbk5CUVRzM281ZU5vTERuT0lMZ0tUdkItMjMxallQeWdSbEpRZDjSAWxBVV95cUxQeVg5ekY0MWNhMmd4RGNxRzR5dFVKWExWZVFWYU5lUVFrZW5IX1h0QTZPck8xZ2hUWUZkVzc0aFpJdkNJdXFuT0psQVRlaVJ5emZtd2RIWEZBVkZfbHRnQmZWRHJXcGxYRmFzSEs?oc=5,12062025,SWISSto12 Celebrates Success - 3DPrint.com
85,"3D Printing News Briefs, December 6, 2025: AutoSmooth, Tissue Engineering, Micro-Optics, & More - 3DPrint.com",https://news.google.com/rss/articles/CBMibkFVX3lxTFBqWHdGY25NNmpqcVZhQ0F0WnF2QkdDWnF1d1Q3eTFjc3U4TFFJU0hnZmx3dnNvY0J3VjViQTJhRmJLUHM2RHlvZ0RJMFNhNXJFTEFDRDktSTU5QmxuVWRTYmdMZXB3aWVhMVl5RnRB0gFzQVVfeXFMTmJRc1FkdGlibktfRy1abkZpT0RmVEg3STBGUWNqUlBFSHFLazVYSzh0RHBqNmYyNUJVRm16V2lKTWRKOEdydHYwVVlMSVNraG1lNGhib1NENThXdXVEUWVObkU3TmhZdWNaNy01LWU5THFPSQ?oc=5,12062025,"3D Printing News Briefs, December 6, 2025: AutoSmooth, Tissue Engineering, Micro-Optics, & More - 3DPrint.com"
86,Altair and Siemens to exhibit joint Additive Manufacturing workflow at Formnext 2025 - Metal Additive Manufacturing magazine,https://news.google.com/rss/articles/CBMirwFBVV95cUxNRjNaTGNFQzBVbGt0WkpKRC1LVGliX3NucWJyOUp4MDR4akhBZkZMRkktY2FZLVJ1Uy1rblpMNGk4WjRCa09UMGJoNENsU3FyQVRnam9mekdsbk43Rmk1VVdNMTMwVDYtRGlfVThJeElQMTYzcHlNZ3JfdDREcFVtMUF6bTA0UGpFcF91VENtWHZydGVZWHNuNGJIVnltYVl6cHZJeVktWGlxbUw3RWRN?oc=5,11182025,Altair and Siemens to exhibit joint Additive Manufacturing workflow at Formnext 2025 - Metal Additive Manufacturing magazine
87,New Collaboration Between MTC and HP Supports UK Additive Manufacturing Growth - 3D Printing Industry,https://news.google.com/rss/articles/CBMivwFBVV95cUxOVXp4M19EazVmeDl6OWFLYjZGNEotWVFtODZ0MkwxaFJnLS1Tc2xPVlBRRWpRejZnYWVQWm5ybm9xcEp3WTdKQjJZOUpNWHY2MzViZjJ1QXlOXzZReHBUV0hFLUZBVDlxeTlzeGxySTVQZ01OMzMzcTdMQ1k1YVE2bXUzdU9kYVdTM3NmRVB3M0N3NW84ZUNwZEZubmhiTUMxMGxzdEN3WTF3OGNBYTllcHRqWndTYXM0blRDaW4xaw?oc=5,11172025,New Collaboration Between MTC and HP Supports UK Additive Manufacturing Growth - 3D Printing Industry
88,Record number of visitors attend tenth Formnext Additive Manufacturing exhibition - Metal Additive Manufacturing magazine,https://news.google.com/rss/articles/CBMiqwFBVV95cUxNcFE1TkVXR2YwRktJdFN3UVZVeE9hbzR0bkw0VkhONndUemdfZWJsU0xWZ1FfRjQ5R1hqMGVnd21sZG9RbFRsZDB5X095Yk1EbGowNDlTdjVvem5jRW02MTBUUVpXMHpMd2c4Y2JOcHctdUpkVGVSRzI5djdSOGxNZTFSWXRuSzhMTXZsUkExLVd0U2dQODl1OEtuZ2Z6a2w0dGk4OTRlTnRMdnM?oc=5,11272025,Record number of visitors attend tenth Formnext Additive Manufacturing exhibition - Metal Additive Manufacturing magazine
89,Cookiecad releases collaborative 3D printing guide for Hanukkah 2025 - VoxelMatters,https://news.google.com/rss/articles/CBMinwFBVV95cUxQZjk3dTNqTlJrazE5UmwxanhyTzUzZHl1enV2OTdlTkNCaU1DZFlTaFlEMmRhVXVEWmpTdG1zLXR5b29CZDlhTUxoeUtaMDRBOVI5VHJqYm9tTHVoVms1VC1rc1FFb0VGVzBjWTRORjJXRnc5bldiTzlmQ0VQS3RYT3FMS19UaEpsaXV3eVNEVW5hSy1xNVVxTVp5M20tNWM?oc=5,12062025,Cookiecad releases collaborative 3D printing guide for Hanukkah 2025 - VoxelMatters
90,"Amace’s compact STLR 120 Additive Manufacturing machine aimed at labs, tooling and medical - Metal Additive Manufacturing magazine",https://news.google.com/rss/articles/CBMitAFBVV95cUxPQ0xTWEtuR2I1Yk1PNnFzN1FWM2FQcTc3cmtvYTBvTHdwMXpFRVFwSUF5Q0E5VVhNVzlCZk9Jb01zc1p5R21lT3dVdk8wLURadTNMX2otVWhCTXZzX0dadFRMS2lMb3JkNUYwMDNHSTZzMFU1ajB1d0ppRHFFM0M4aTNCaXlWWUpXTXM5M0Y3UnBYWV92clhhc2tkWFl6YUx1cllHLWxqeEpTVXRUYkI1RC1Hbk0?oc=5,11172025,"Amace’s compact STLR 120 Additive Manufacturing machine aimed at labs, tooling and medical - Metal Additive Manufacturing magazine"
91,"Formnext 2025: Additive manufacturing launches, news and more - tctmagazine.com",https://news.google.com/rss/articles/CBMikgFBVV95cUxOYzBtZ2VmOVc1cHdFVmVKbncxMlg0X2ZVOTF2SjFaVUJLNzItQXQ5LXItd2xKcVM3RkJqUDdxZmtQRnI4NHd0bHluQXJ0cXhGWXhoTnY5bHdHMTBIZ0FJdDNEaWNIS1hwSWk1eWpHOWZYb1NDdXp1bHA3QXN4QTBhM3UtZHNxdXdXVWEzMEpCc2lHdw?oc=5,11132025,"Formnext 2025: Additive manufacturing launches, news and more - tctmagazine.com"
92,RES2AM funding for large-scale metal Additive Manufacturing demonstrator - Metal Additive Manufacturing magazine,https://news.google.com/rss/articles/CBMinwFBVV95cUxOWlFpLXdqbU84cDFCaWo5TFd0ZFN3bFNHRmVYSTZUeWdNVVdfcXpFaUdNRGFONVVzOTlldnlFY0ZIY1UyRU1WQ21kNnN5dmVJbUxpQ2dfU2FycTg4ekxkaHJseVExcVZSS242RVZGZmlGUUhkQjBvS3VycGQ4bGJaTkhmWGRmWk5BNU5nZ1NQZmZUM2ZjWVc0ZGF4SEdqdGs?oc=5,11252025,RES2AM funding for large-scale metal Additive Manufacturing demonstrator - Metal Additive Manufacturing magazine
93,Stratasys Highlights Scalable Industrial Additive Manufacturing Solutions at Formnext 2025 - Business Wire,https://news.google.com/rss/articles/CBMi4AFBVV95cUxPZ09Wb3RqMTR5bEdsVW8wRHRaenhDX0c5Wm9YOGJPbHN6dVFwNjdSUnRITGJtR29NczJpeVlYSDk3c1Y3bTlKSWxJZTlwX2tCSUVoWDBmTjZzaEZOMXc2ODJ4WVVaSWtoaVlka2Z0aWVNTVctb0JUYWtPeWxTajZxQ3JqSWxyWDE2RHpNdTdTVmR6OVZUMjN3MGluZWtWTDhPQWFIZmlWR0VNXzdjY0MxbTlmcVZMQTBqekx2cTRCdmt5ZnhPUmRCRkFzWXNka1lCOEJyNDVXeGJHWTg1bF9iVQ?oc=5,11102025,Stratasys Highlights Scalable Industrial Additive Manufacturing Solutions at Formnext 2025 - Business Wire
94,Trumpf Spins Off Additive Manufacturing Division - AdvancedManufacturing.org,https://news.google.com/rss/articles/CBMi3wFBVV95cUxPeV9KN1N1YnRuZTQ3ajlFLWdjOWRkeGpwUUE2YVJRUWV0aWlaZzlJNnA1ZVo1QUVQVTZfSm5SMHhhT2ZIWWlnc21YTE10Vm45QnhLeDNBTktKU2haTzNVZlVpM3owcC1DNDB6d2lrZUNVQkFPUEV2eHU1b2ktUlpRUXdsM3h5dV9qUUxpemNjTHNzSm5rVE1RN2NYUWZfUFRvWkl4OUgzWnk0akxVdVJYc0Z4WWtURlJjSTZZU3BIbXhHSlhvWERyN05wV1lJVWR5MDUxVXZuT016MXJQakNv?oc=5,11282025,Trumpf Spins Off Additive Manufacturing Division - AdvancedManufacturing.org
95,Rethinking value in additive manufacturing - Plastics News,https://news.google.com/rss/articles/CBMijwFBVV95cUxNdWF0U3l5bEZqTzlEa2dtSHN3OHBRM1p1Z0tpQUpOU190T3N1VHdWOVJjSC1JTDI3cEpRM3pnLXZ3enA1VUFvLW5kOXl5cnFYSnNmcFlJQlpPU3hnUXVlTjBIbFVVTTlTVmU3VXFVOTk0cVg5UjdKdWZKUEFEeDBobVBxcUIwZXJDeEhrWmJTTQ?oc=5,11252025,Rethinking value in additive manufacturing - Plastics News
96,"Smarter, Faster, Hybrid: How DMG MORI is Redefining Industrial Additive Manufacturing - 3D Printing Industry",https://news.google.com/rss/articles/CBMixAFBVV95cUxNWTRXcVR2d3E2TzFsam9ONXB1TldlQWg3ZWRKS0J0Q2NxeHlRSUZ2UXg1RlRjVjA5NkhzMC10Y1IxVTVMT2g5ODVmZjlUanpReDBKZ2hoTEd2eTg1QnVJdHQySDRTbFRaaHAyQzNiMElOOVp0THBvUmptV0VOTm1RZ2wxdlVLNGRMX0h3bWwzUl9lb0JqVk12WlEzZEx4aTJRNFh5NHFnbThXa1JET0JicklCN2QyZ21IYU9xRFR2V2l2MFR5?oc=5,12012025,"Smarter, Faster, Hybrid: How DMG MORI is Redefining Industrial Additive Manufacturing - 3D Printing Industry"
97,"Entrepreneurs turn idea, seed funding from Mizzou into a multimillion-dollar 3D printing company - Show Me Mizzou",https://news.google.com/rss/articles/CBMiyAFBVV95cUxNNEViX1dhb01nYWZRMUJzTVFMcUg4TlpmTk1ULXVXeVNrLTE2RjZqcW1nT21vU1NGcGdKSDF6NnJmMjMtUTBSSHowOEFqTGktVVpMZXBIWjZZYU5OakFjQnltclV3WS1xLXVQNXppSVZxU2hkZWNxTXQwX3ZuSG5zeGlPRXh3cS1Nck5iOEt4NnZ0RFhWZmhlNFdqMEozNi1tRnI2NkotQ1ZkQ2pUVHczaVRXQmhCRFliSW81ay1wLVh4cW1IVkZPTg?oc=5,12042025,"Entrepreneurs turn idea, seed funding from Mizzou into a multimillion-dollar 3D printing company - Show Me Mizzou"
98,HP Unveils New Innovations to Propel Additive Manufacturing Forward - Small Business Trends,https://news.google.com/rss/articles/CBMimwFBVV95cUxQUGQ5bXl2ZlZuYmlfejVWaGxXUWlvemhlRmIzd1dtLVlnV3l1cEU1ZVhzcEtIR0JLeVVOZ2RTNW9sSkMyVHBSN1E4bWpyN3ctem5PUXRLeTRCckZlSTBOUHZtUlJSWWdVVGpXbXF6QVpYUk5ZV1pnTFBxcVY1bTFtWGxEOU9GMlAtbTJSM1ExWW9pa3MyM0pkQUFrZw?oc=5,11302025,HP Unveils New Innovations to Propel Additive Manufacturing Forward - Small Business Trends
99,Apple 3D prints titanium chassis for Apple Watch — additive manufacturing cuts raw material usage in half - Tom's Hardware,https://news.google.com/rss/articles/CBMi3AFBVV95cUxOaEFoaGNPTjdxQlJyV09mTEhsc041aUZ2LV9RV2lCOEd5SzhrTGoxNHpLRWdBZmlzSkVYQUVVbVYzemhwNGc4UGhfZEFmSnR0VVNHQ09rOFJoRDVVakd6UXY2N2QxNWFWWjlqYTQ5ajJMZjRwYjkyRTI5d0tvY003TVBEMzlXTDFXQkRYM3NVUm1ZT2I4LXY1RnJpR3NPWWV0bWhqT2YtRFFnaEQzX0JGOFlhX2xMb041Mk02ZFdISmR3VmhSbkNaaElVRTh0LVhoSXNKY3hsQ1QtTjFq?oc=5,11192025,Apple 3D prints titanium chassis for Apple Watch — additive manufacturing cuts raw material usage in half - Tom's Hardware
100,Carbon raises $60 million to accelerate growth of its advanced manufacturing market share - Robotics & Automation News,https://news.google.com/rss/articles/CBMi3AFBVV95cUxPM25FUVcwQm1xVW95OFJZTEt0LTBVVFVhUU94LUthLVRNZGwwd3NjRmQ4UzdIQnE0c3h4ZXZleGVBYk1Td084RW94RTBMOWVBYl90U2YzcDhvZllQbzRyNHVKbE1XUDdOejFvVEpzYi1kS0FqT2JnQlhwMmEyLTlLQmVmM09wTmNvYTB0SE1EVVBhMktLckJ0a2s0dnZ3UTR6SVY1LTdjSTRkUWJsRFl0d0RDNlZDQ2V3bkg3MDhSTm5vTFI5R2tXTlNtUFpnQkpRQ25lc0N6VzhlX0lK?oc=5,11142025,Carbon raises $60 million to accelerate growth of its advanced manufacturing market share - Robotics & Automation News
101,Why Metrology Matters in Additive Manufacturing – Closing the Loop Between 3D Printing and Quality Verification - Metrology and Quality News,https://news.google.com/rss/articles/CBMizgFBVV95cUxQSDRBcGptZnV0SnpkVm9lZDV2SDFxanJIdGUyVkx3Zkh2aVFaekRxb3B5dlRuZFplVHZjT2pta2NkM1IwSkI2b1Ezc29Pa3BBZGFKZ3R2TXlIVEphZkVQZF9ZWjBfMmlEMndpdEZkUDViRWx3NHh6Y3NjeWJabUdlamNubk1aeVMxOWljNl9CZ1BxYW5fRnVBMnVsaE1LSFl6SFB5UmpZQ282MVFOTnBJRm4wNGpMOFhFRUxUMWpqd2FTQjJQZjNOQmN6X3k1Zw?oc=5,11132025,Why Metrology Matters in Additive Manufacturing – Closing the Loop Between 3D Printing and Quality Verification - Metrology and Quality News
102,Stratasys Showcases New Additive Manufacturing Solutions at Formnext 2025 - 3D Printing Industry,https://news.google.com/rss/articles/CBMiuAFBVV95cUxNUEV1aVZxSVlHVXIzblJMZE9ocmNzLThQNW01LVkwQ0hXUHBnNmdLSzlQSEM2Zi16SUNxcFpnQU1HZ2JQUGUwUF9Vb29mZkNERENkdXVFMG5Idkx1dGNYLUZ6NWNFVWV4eHRjTm52MmR2RV9nWHFmVHJxcGlOblBlMnE0RThhRnRGZS1mZTU1X040TTlXejVxUVBEUWNpRk5qb0t1ZUFCQUxhQ2MwbHl2d3lmeEJjUDZx?oc=5,11122025,Stratasys Showcases New Additive Manufacturing Solutions at Formnext 2025 - 3D Printing Industry
103,AMUG Conference 2026 heads to Reno with early registration discount available - VoxelMatters,https://news.google.com/rss/articles/CBMixgFBVV95cUxQUFdFYnJfb3JETllGcm5LbHNYNlc2XzFpVEFTcDMzT0F2WnpiajZCMk13NnBaUDVZY1lrQVM1b0F3bFBhNzBCaDBMYjdkYzR4em1RNVpqUE9lUUFFZzZBR3p6LWpVdzNiam1nZjdtODVDV3hEYWZZamhYbThfR1hKY2FzaXZtNkd1ZmNpb1JzR1RER0owZUx1TktIczlRWnpWMjBtcmViVTBWWXNrRW5sTlQyampBRkR6NFNheXJaYk50Y2NvNXc?oc=5,12062025,AMUG Conference 2026 heads to Reno with early registration discount available - VoxelMatters
104,Aurora Labs targets small-arms Additive Manufacturing with Ares - Metal Additive Manufacturing magazine,https://news.google.com/rss/articles/CBMikwFBVV95cUxQSWdudGZESkFCWFo5ckFhdU03Yk9aSzRvRnVsaGlyUFpRN0lzWnFYWDZ1ZTFiSTl3OGVJY2VscG9raGc2YXB0NXNLVDBNeXgtSWhwOUtBNHZEckU3Zll6VDljc210RTlZUFRIdlV4MXg0WEZsZnN4Vk9ueXJnNHI1RWZqVTAxNTlGNlhab1FncHNDV0U?oc=5,11212025,Aurora Labs targets small-arms Additive Manufacturing with Ares - Metal Additive Manufacturing magazine
105,"Incus Reveals Hammer Pro25, Expanding Metal Additive Manufacturing Capabilities for Production - 3D Printing Industry",https://news.google.com/rss/articles/CBMi0wFBVV95cUxQUWh0YXViNHFZUWZsbWJ2SmE2ajBuWTJVbTR4V05Ka200Z2w1RGVPU0xxbHN6bFR3Zlh6RUUwalVsbTk4ZjI5SkdHN3pSZUdZeGhQcVpSajNfeHRSUFpic19qNnBsTHlJQ20yanJ3YmJONjh1S1p6MEtiQVV6dnF0WDJXNWRad2RkOU5tVDJEMGJZVThfREVucUdBbXdRalIxNVNxWHlMX3YycDBWUE9wVS1Hb0F4bkdXdUtUTjVPSE5uN2dhUTZBaFNtajNZQWdpNHJ3?oc=5,11112025,"Incus Reveals Hammer Pro25, Expanding Metal Additive Manufacturing Capabilities for Production - 3D Printing Industry"
106,Babcock and Plastometrex support UK MOD’s Additive Manufacturing push - Metal Additive Manufacturing magazine,https://news.google.com/rss/articles/CBMimgFBVV95cUxQRWZqU1owa0JtV0cwUVMyQ0FaNVcyeUVLd3hsWGRxY1UyVHpkOWJhRjVaZzYwcTFlaGtBeWM5UWxkRmdFcXlpVXktYy14N0QzQlE4eVBWZHdvZDZkNUo5Qy13dVdHa2Q3MGdtYlJreFgxQms5YnlpZzNwZHJIUDYwWXE0Y3RxUTFkRGloVktnSGRyRVpEaHRheUlR?oc=5,11212025,Babcock and Plastometrex support UK MOD’s Additive Manufacturing push - Metal Additive Manufacturing magazine
107,Aurora Labs and Ares Armaments Partner to Advance Metal Additive Manufacturing for Defence - 3D Printing Industry,https://news.google.com/rss/articles/CBMizwFBVV95cUxQVHQ0blU1S1BqbjMtUGoycmRiejRJRVNFcC03QzZMRlJvbE54LWRJLV8yYlRLZkwtX3Z6OS1zbjJsQmE2cDBFNkpZbDFScGljb3hkeTRrTFBVY0NOSVB3V05veU9QMUI1TUV6ZDdXRUhxaWlNcnA0TW9DQlJoWTZfT3NLVUZteXdtOURqdzlWdHFnWjNBekY3c2F4Q3cwallnMjg4UWdDMkVZcVF0WWRMZk1CcEpRQ1pnemxqQUwxQ0tyeVkwalpSQUF3ZGlkenc?oc=5,11262025,Aurora Labs and Ares Armaments Partner to Advance Metal Additive Manufacturing for Defence - 3D Printing Industry
108,"Additive Manufacturing Market to Hit USD 114.46 Billion by 2032 at 23.99% CAGR, Fueled by Rapid Prototyping Revolution: AnalystView Market Insights - Yahoo Finance",https://news.google.com/rss/articles/CBMiiwFBVV95cUxNbzRURDVRQlhpRTdwNkNuUnp4LTVQVkhMQWJFV3ZaZy1EYlJvZTdZQUFESThaRkN0aWpoYmhoRzUyWnpwSlIwM1VVOVpTOXJhdEM1VWtXQWE1U3hCOEIyLUg4UFlHTjR0cXotZVB5V0ZYUEhqMVdBRWJ4bWdabElxZjVYWmMxRFhEZ3Br?oc=5,11242025,"Additive Manufacturing Market to Hit USD 114.46 Billion by 2032 at 23.99% CAGR, Fueled by Rapid Prototyping Revolution: AnalystView Market Insights - Yahoo Finance"
109,Stratasys invests in Tritone to add metal and ceramic Additive Manufacturing - Metal Additive Manufacturing magazine,https://news.google.com/rss/articles/CBMipAFBVV95cUxQU0RwRWQ4RlRLUHVabUNqODJKalRxX2JISDZURmZHUmYtbGJIZC1HekcxLWlhLW5lVlQ0dGQzX1E3cnZXbkViZ2czRTVzdm5femNNeFFETXFQcDhvckFkcXp6OERNcG9iQjd6cEp5aVhVOUdDWDloVGg2U1FyOUV6aW51bWp1bjFYSEVicFRzeWx3MWZHQTZXSkhub2Yydk1pdUNfag?oc=5,11182025,Stratasys invests in Tritone to add metal and ceramic Additive Manufacturing - Metal Additive Manufacturing magazine
110,"Tariffs and Trade Wars Are Reshaping the Supply Chain, Report Shows - AdvancedManufacturing.org",https://news.google.com/rss/articles/CBMi9wFBVV95cUxPeXB1QzNOdU5uSTlEVHg1NW44LTg0b2VkbFBsclVFd21NSnJubHVRazF1R1BxSWFpcXBRTHhPVkJOOWY3WFBERmFKUllIdFcxNTV3RHY0aU1Uak1tUk56WnExSlBfS3FxZ0FnVXo1YVVTWUJEMXNFTFI5bXJzd2poSUV2QllzNEJ0bDlJVDFuMzVBNzRMSEFvaHR0QTBLWlcwU2tNcVFVQ285RXZod2xQR0hsSDFiR1c1ZGw1c0ozMlJLWDhHUlpMblJ3MklpSWJzU1pEbXNHeERpcWJLV0pHTXRYei1ZNnlBU0NSU280QVlhOGFVM0lj?oc=5,12042025,"Tariffs and Trade Wars Are Reshaping the Supply Chain, Report Shows - AdvancedManufacturing.org"
111,Why Big Pharma Hasn’t Fully Adopted 3D Printing—Yet: Inside Triastek’s Push to Modernize Drug Manufacturing - 3D Printing Industry,https://news.google.com/rss/articles/CBMi4gFBVV95cUxQcTVOZWFacG1pU0JfcERlTXJkb0VOM0ZQRlFfWWhxQ0JRTTkyVzFMcDkyXzVyVGwxMzktaVRwYm5BTkxwYk5TOEh2OWZRSC1HVHJrVmhJQXdvdnNYUnowZ09JVmJmeE1hRnV5WjZ6LWdmcTFDMTFUWDhrX0QyNGsyU0Y4V29sQUM2ZDV2RXJEVTlJRTd3THpwdExhRFhkbFVZcGwwYnFBOHpqaXRPM2xaUUszeUc2ZG84Y2kwN0NKZnlPeGhHOHBLbnJjU1ZaVEtjN1B3MVR5MmVUMUswYktLRnR3?oc=5,12042025,Why Big Pharma Hasn’t Fully Adopted 3D Printing—Yet: Inside Triastek’s Push to Modernize Drug Manufacturing - 3D Printing Industry
112,Toward a holistic approach to design for additive manufacturing: Rethinking how we design for 3D printing - EurekAlert!,https://news.google.com/rss/articles/CBMiXEFVX3lxTE9fSjFlaEM2Sk10TFNTbm95NnhSLVhIZXkyX3NtWjVaNUR4WUJrNVpsY21RNnFkV2oxOHJidHlFbS0xSHdqYWJnVEdURWVtUFJnN3VTbzJobFJSYS01?oc=5,11282025,Toward a holistic approach to design for additive manufacturing: Rethinking how we design for 3D printing - EurekAlert!
113,m4p and DermaPurge partner to improve skin safety in Additive Manufacturing - Metal Additive Manufacturing magazine,https://news.google.com/rss/articles/CBMiowFBVV95cUxQSG9VY1JFLTZfWkNuQ0JQZGd6VEtnM3VVbjVybzA1eUlqMklGTTQzbDlPUGdpeGdEQUFMY1R0clFBOEwyb2pZbUN2bm5obkFiQ3M2SC1EUnNZRktzWF8zR0FPSXY0NkYxdnI2Q2F3b2xMRHBHbG9HLU1FUmhQMGROZkk3cndCMHJQUUdhUVd4alNiaHVITHYya2RnTEtHUGtxVnZJ?oc=5,11212025,m4p and DermaPurge partner to improve skin safety in Additive Manufacturing - Metal Additive Manufacturing magazine
114,"RAPID + TCT 2026 Heads to Boston, Advancing Additive Manufacturing in New England - 3D Printing Industry",https://news.google.com/rss/articles/CBMivwFBVV95cUxNcEtpSmtVNnp2cjZVV21ZNHZ0VkFtM0tWRGJSd1ByXzl2Nlk2OGVSZV9yUFpBZ2xQenNRNGs1VnZwUW1ZSE93Z2ZDY180X1BiSjBiNlNMTTZXN0tpdnV2Zkd5MXA4Q1U1MUM5TDJySHhmdDFUUUZwYnVKcHVmUU1mV25JcW85WFEzVG5nS185c2ZoWk5xX25rTjlmTkFoUzl0eENaSUhBeWJvemFqdFhFMmRhZzVpNm1oNlhRQUh0Zw?oc=5,11262025,"RAPID + TCT 2026 Heads to Boston, Advancing Additive Manufacturing in New England - 3D Printing Industry"
115,Indian Army’s Trishakti Corps deploys on-site 3D concrete printing technology in forward areas - The Hindu,https://news.google.com/rss/articles/CBMi5wFBVV95cUxPNnFwMkxHRU4tUE1qQnhDWHZ0X0ZSN2Z1bFpHUUxKMW9icVNTeDhyUEk5cndZV2xyUldMZUcybGFuYld1d3JlTFBUMFpSNmF4LTExVDVOWlYtWDF2UTFNLThjYW5FUk1GTjUyQjBWRnB2dHh6R0cxZ2RlZjBydUFKMFoydEcxZWhKSTBqekZ3b3NHMVRrS2RneU5lbWxhcUFHYkJsQkhPU01pcVRhLXV5eklkdzUwSTI2eFZOSEhqUG5kZnI5NXZkYjBDQ0VpblZjdXd6WGFYMDBlWDlEX2dHUnZYTkhCNkXSAe4BQVVfeXFMTURuQTd6Sk9GZzJEdVNGTlpfQzFsU2JnLUQxeXJ3VXVpV2VwOFZCcnYwbGxCdFZlZGFBdzR5WE5NdWdIVHZyYnVIU3pxOUZpRUpzNVVMZTNFVngtYllQUDlfeFFoUmpGaWRlMzg3XzNtd1BlSXRhQk9QRDVWNkxBTzhRY3V1YjJxQ2NFRlNCN3ZCc0NLYnh2QzRDUllEWTU1elF4X1cweGZrVGx5eGVYdHNHQmt5cGZkSGl3Qkdwa3NPV1pMNGk0clpDdFlyR2QwTVB1VGNVakJFd3JBcVkwZ2FMWk1TSEJubFotb0pxdw?oc=5,12062025,Indian Army’s Trishakti Corps deploys on-site 3D concrete printing technology in forward areas - The Hindu
116,World’s largest polymer 3D printer helps speed construction of nuclear reactors parts - Interesting Engineering,https://news.google.com/rss/articles/CBMihgFBVV95cUxPclpkNk1wX1pKT2tVUkZKQ0NnbTJJSWxOUlUzYTBsY3hZdExibllOQl9TMDhoTjN0N0NHQlpmcEZ5SU9IZ0kyb3hNSkFlVUNvMlJ6TFR6bHRNWGozUG5qR0RUYTZlOVlZYU5ZQk5OVk8yTmlJajNFOGkwOHJyNTBZaEY5YXYtdw?oc=5,12062025,World’s largest polymer 3D printer helps speed construction of nuclear reactors parts - Interesting Engineering
117,"Army operationalises 3D concrete printing tech for quick construction of bunkers, sentry posts - Daily Excelsior",https://news.google.com/rss/articles/CBMiwwFBVV95cUxQRFJ1VEJGdWJkblpvQl9QTkJ5aHNTc083Z016UzFhU0JHbEVaTzc2UDRaVjVDS2ZKRmFFYlJ3eTNTMC1iSDZJRk1rZGtqNGFGcmpfaWt4UE9HaTRNT29lMUxBV2JJRkdHeTBvandROExzZGNRbTFPWUhOMEVWSTU1LVlMcDhLNnJqU1h5QWRSRldmLTF3dmp0VXNuS0pHM3RfZU1PQXVfWWFvQmFldU1rSWdPR2t1VzVlM2R4bERlaGlrazA?oc=5,12072025,"Army operationalises 3D concrete printing tech for quick construction of bunkers, sentry posts - Daily Excelsior"
118,Welcome to “necroprinting”—3D printer nozzle made from mosquito’s proboscis - Ars Technica,https://news.google.com/rss/articles/CBMiswFBVV95cUxQQzNBMTBFWU9sdWJlMTN4OGVmZFF5anhwOVAxdlhkel9lS2lSVnJkaWlNZWpOTjBIVUYyUXJSR1NRTk5RMUtfTE5QMXlFRVJoVFlpR3FKSWw5ZFVxWHpraTV4OHhBa0N3NHRUUGpMOWRJQ0hfdTZLN0ZOUjI4TzY4NXAwZV9zMXZXV1lWNGIzd0ZPbEloM29ubHFaajNFMzBvRUp5b3NRSy0wRlpreDdwSjdqWQ?oc=5,12042025,Welcome to “necroprinting”—3D printer nozzle made from mosquito’s proboscis - Ars Technica
119,Cold Metal Fusion Makes It Easy to 3D Print Titanium - IEEE Spectrum,https://news.google.com/rss/articles/CBMia0FVX3lxTFBVb0NiOXByamFiVy1pWlFWanZMYi1RSUpwcWhLNi1FS0ZXYWIycmt4dndDZWlocE5vUWxjTUVHbkszV1F4TUdlVTlPU2tZR0ZWdUd2SWFtTWJhZVZ2dG5nVnJVY1I4OWkwU2JF0gF_QVVfeXFMTUo1YTBLajlvUUVnZGFDYkdFa3doTHRfS213YXR5QVlHVjFBZDFVc3NlRFg4X2RvVnM1V3MxNDNSZ1NBdXJkc2NEZzVudEFXRTY3Q1YySzRsdW03ZFQyTXVzOGV6ZUdVaGNvV3c1SDRmcTl2UkQ3elRleWtsWU1TWQ?oc=5,12032025,Cold Metal Fusion Makes It Easy to 3D Print Titanium - IEEE Spectrum
120,Will boats be a breakthrough for 3D printing tech? - BBC,https://news.google.com/rss/articles/CBMiWkFVX3lxTE1pWjNfNkY5RkxCLUJ1QmRRcUptQ2RveWVGX0hsbkpFR25DWVBMSWVub1JrWm1mYmlRTXV1VkpKVUJ2dk1ZVHdSR3hpRGM3STZKQTBPcG1iMGxQQdIBX0FVX3lxTE9XeUYwTFdtclhoVzR6VFFMdDBXaEVvbWlLVUpqbHExY1JHbWlZU3ZRWWZ1ZnozTzJzMGFJS29RdkNXMmNwVmhsMmw4Ulp6UTBIR3J0R2kzUk1zbUgtX3dr?oc=5,11272025,Will boats be a breakthrough for 3D printing tech? - BBC
121,RMLIMS to set up 3D printing lab for customised implants - Times of India,https://news.google.com/rss/articles/CBMiywFBVV95cUxOQVJDc2l1ZHlIbWxUSGo2ZFJkQTdjUzVYS1FtTTdOdUcyRVdYZkJnSDF1YjAzZml0dUdnWi1hd3hvSzMzb2p5ejlWcDc0X0t2ckhyd0dibXZ4OXh3V0dlNm5TTmgtbGEyWmwtVFdSeUd3MC1IOUVpUkF5RjdEbUNFUy1jaTMxUWFsRlVhRko1NEtOYWpFZlZiWkJITlc5bzRHckFYbDRYYXpQQVRfX1lMbF9saFNpZnAwNUlpcTZ2czBUdjdmdm95NThHTdIB0AFBVV95cUxNb05RMm9SNV80QTQtMnlqeEdFUzhIVnNqSG1GaUdzSnZDemZsdFhTLTBYT1ZvckNNWlIzMHMza0s4ZVFEelF6eEpUbTJHSTNEc0IwaDVsTk1CNzV4ampQT0xyNnBQcnBVN0tzTGpjQWF1VGx1ckpVckUxX1UxZnRZX1FiS2t6WEE0SlJxMWExdHVab2pXaUQ2SDdYZ0dzYjY0U0xkQ0ZmWGVaLUNfd2NELV9CN2hXQmgxaG91c1IzZGgxNThTam5VZFlBUEpkYmFJ?oc=5,12052025,RMLIMS to set up 3D printing lab for customised implants - Times of India
122,Indian army’s Trishakti corps deploys on-site 3D concrete printing technology - Awaz The Voice,https://news.google.com/rss/articles/CBMixwFBVV95cUxONG5wUjJUNkNYREp4a2tuYnphVjZ3QWpXcHhVUk5ZaUU2VkxJVS1GS3Y3aUNuZ1h1QkF0R1Q1ZFFzeTZJdklJbzdhNjV0eU5VdG9XbERwSGZsWmxsVGJuZjE1Z0R2dkFsaG9zYWhTQUx0cHE1WFFlRWktWU9PTVZDWkVzWGg3TDEycER6T0l4MDJ5aWhCbm9xQVI5SEJlT0s4QlRsdHVxWG9IS3hVclhLd2gybkEtT0tfcjV2a2JxWDBTQ3Bsb0tv?oc=5,12062025,Indian army’s Trishakti corps deploys on-site 3D concrete printing technology - Awaz The Voice
123,"Small parts instantly, a bumper in a few days: 3D printing accelerates development - Škoda Storyboard",https://news.google.com/rss/articles/CBMiyAFBVV95cUxNeno3VEFPNUZfRGRvNndtZnVKcW42V1JRNUdhNDJUM2dQSDJESEZ4NVIyVTdxWTVLeFM4VWVMZGR4Rk9ZdDRoUTBUQUhFZVVIeWJJUlZsbXN2NVM0X3dac3JMbi1fSmZ3cHdqSm1xc2JiX1U2OTRVRGNuQy1tejktaDhyYmJTWE9ZcWpubng4SHYxbkkxdW5LX09oQUlnUlRhZU05ZmI1Zl9HQ0VtaXVvMHZRaDN2S1pGTFB0czFXSmFvNVBRWVFNSQ?oc=5,11132025,"Small parts instantly, a bumper in a few days: 3D printing accelerates development - Škoda Storyboard"
124,"Entrepreneurs turn idea, seed funding from Mizzou into a multimillion-dollar 3D printing company - Show Me Mizzou",https://news.google.com/rss/articles/CBMiyAFBVV95cUxNNEViX1dhb01nYWZRMUJzTVFMcUg4TlpmTk1ULXVXeVNrLTE2RjZqcW1nT21vU1NGcGdKSDF6NnJmMjMtUTBSSHowOEFqTGktVVpMZXBIWjZZYU5OakFjQnltclV3WS1xLXVQNXppSVZxU2hkZWNxTXQwX3ZuSG5zeGlPRXh3cS1Nck5iOEt4NnZ0RFhWZmhlNFdqMEozNi1tRnI2NkotQ1ZkQ2pUVHczaVRXQmhCRFliSW81ay1wLVh4cW1IVkZPTg?oc=5,12042025,"Entrepreneurs turn idea, seed funding from Mizzou into a multimillion-dollar 3D printing company - Show Me Mizzou"
125,Trishakti Corps of the Indian Army operationalises on-site 3D concrete printing technology in forward areas - Organiser Weekly,https://news.google.com/rss/articles/CBMi-gFBVV95cUxQZG9uOHQ2SDB3TUtVSlNzSEpYd3llQkZ3Mkc4Z2JrYmZhNm5sOUMtVXEwOUZaSXJDaV9vOTJGOGptb0J2SHZOMkNZbzNiSVlqUDhZcktpZ2Q3NElwUlZXUFdiaTc0VUFMR0F4OHdZbFJkd0tFbmtWc1BYUDd6aHhhRWlYZTlVM3VWaC1TSFl2QlUxX3B1YlRlYzl2RVpKb1ExcDc0MDBCTTI3TTEtb0ZGTHB5RjZJM1VLLWxsdHFYTFY4WVZjR0FpOHRyUGhpU0ZkTlc3V203cWtaWlFFaXh5X3R3b0lwX3FRVktTel9YSHVsRmF4bjM5aEhn0gH_AUFVX3lxTE1wdVQycnFwVjJOYW1FTkI1cUI1VTFtRkpEaUZYSnJ5SGVFMDJlLTg3R0Z6bk5WenAtZE9zaG1WX0xMYkRfWjhvVjlLTk1TX0lSN0xYcVpKcjdSOFZCTHpZdEhBTFBZdExTb2lvMUt3TWtlSjlsN2QwVXR2NFdDS1A2eWd6UFFVVGtmSGxFWlJ3ZDROYVh6SGR3a0pHREo3dVhYX2hwNGg5akY1ajlOV3JKeTBQZk9OZFl4QmNlSDB1YXBoZ2toZlNEa2RoVjMxZ08wbDQzUEZoWFNFbmJYOGtuSFhxUTBTQV9zSnc2SDVWN0puSmNaM2g2ZE9XWkRIcw?oc=5,12062025,Trishakti Corps of the Indian Army operationalises on-site 3D concrete printing technology in forward areas - Organiser Weekly
126,"3D Printing with PEBA: The ""Super Bounce"" Alternative to Standard TPU - All3DP",https://news.google.com/rss/articles/CBMikgFBVV95cUxNdDhRTFZXTThfaXFNaHJJUi1yZTh6MWRtR1BzMnU4RjE2Z09oR2dBNXUyVjZwbGd5LVRjVFAtYXRzc0pfSm1xbWhOX1lIUi16c3AxRzhxdmJnMzU2YzJPRGYwbmsydWVtLVhEUGNFdGFxUHRNSVJtbm4xd0R6QTlwUmlBcWRLazRVX19IWlJ6TnFfQQ?oc=5,12052025,"3D Printing with PEBA: The ""Super Bounce"" Alternative to Standard TPU - All3DP"
127,I’ve Found The Best Gift for the 3D-Printing Fanatic in Your Life. No Contest - CNET,https://news.google.com/rss/articles/CBMirAFBVV95cUxNZzFncDI4OWNDem5tSWhZbHY5WklzZXhwYXJhQ09ZWG5RWVVwb2FiN2FqbDFpelB1Q01CdkNWT1o4MkZfcF8yRXgzUFRzQm1qbnVEZkxfVXkxWlBFcFBXZDZPOFNRVlcyc2Z2Q2NVaXVfUzZrR3VJZEsxYTVRODJ6R001YndYbHptYzcyTHFEdUU2YVdYMVNMU3ZvNHFfY2RpRGhndmF3cWozbjd1?oc=5,11232025,I’ve Found The Best Gift for the 3D-Printing Fanatic in Your Life. No Contest - CNET
128,"3D Printing News Briefs, December 6, 2025: AutoSmooth, Tissue Engineering, Micro-Optics, & More - 3DPrint.com",https://news.google.com/rss/articles/CBMibkFVX3lxTFBqWHdGY25NNmpqcVZhQ0F0WnF2QkdDWnF1d1Q3eTFjc3U4TFFJU0hnZmx3dnNvY0J3VjViQTJhRmJLUHM2RHlvZ0RJMFNhNXJFTEFDRDktSTU5QmxuVWRTYmdMZXB3aWVhMVl5RnRB0gFzQVVfeXFMTmJRc1FkdGlibktfRy1abkZpT0RmVEg3STBGUWNqUlBFSHFLazVYSzh0RHBqNmYyNUJVRm16V2lKTWRKOEdydHYwVVlMSVNraG1lNGhib1NENThXdXVEUWVObkU3TmhZdWNaNy01LWU5THFPSQ?oc=5,12062025,"3D Printing News Briefs, December 6, 2025: AutoSmooth, Tissue Engineering, Micro-Optics, & More - 3DPrint.com"
129,"The Black Friday and Cyber Monday 3D Printer sales bonanza is almost over, grab a deal while there is still time — these are the best deals we've found so far - Tom's Hardware",https://news.google.com/rss/articles/CBMi1AFBVV95cUxOeTBFRkZrSU0xUmxKeHk3TE1WMlRwbGdLaTFVVnBiOC1oV0FSbm5hMEI0TVlzSDZQZTBiMWRoQkpFNDhyNUpFUnRodkRhR2tGSEMwV0lMcEM5bzhKTFNES1A2U3ZsSTZkYVpxQ0JSYWhzemQ4V2N2OTB6M2h6cUVLY3htNnZGN0RhenB0UzZnNzk0MXRESnZ1TVBpS0t1TXRqMUdwWFZ5RE5XbEcwY3VWLU9sSzNyOTRnNzBMSEpLQUZ6LVc2ZFBqNzFZM0dKenotZG8tZA?oc=5,12022025,"The Black Friday and Cyber Monday 3D Printer sales bonanza is almost over, grab a deal while there is still time — these are the best deals we've found so far - Tom's Hardware"
130,Engineers advance semiconductor manufacturing with 3D printing - VoxelMatters,https://news.google.com/rss/articles/CBMilwFBVV95cUxQcVNoM3dtNTlqblVuZ2tOdkdaQlFWdXowQW5TdHYwNGJkbjZidUNxT3ozUUFZcnExTkxkeWVVRTBMbzZoU1lkOEZUckJxZTllbFcyRjhyLTVhVGY0VzgtcnVFakZJWEMyTE9CV0RQelF5YldlNUZ0WFFFSkpHNDkyZi1vSUNRZDd6NzNIVTRfMVVmTXl0dzVZ?oc=5,12052025,Engineers advance semiconductor manufacturing with 3D printing - VoxelMatters
131,Deutsche Bahn celebrates 10 years of 3D printing - VoxelMatters,https://news.google.com/rss/articles/CBMihAFBVV95cUxQTlFEMWVxUzBKSW4zODV4ZnVMcGNTREJKRk1PLUYza0JoaUR5LTlCSEw3MUdKU2JkVXBmZU5YUmpiNkxFcU9RaFdLVGdFZnVuZ0lPX2dlVXQ3QTUwZlViQ1ZrdHkwSXlETmgwLTFKM1R3WkduQ25NZ3p2UkpoWktHbXdJNXc?oc=5,12032025,Deutsche Bahn celebrates 10 years of 3D printing - VoxelMatters
132,3D Printing Metals Market Size is Poised to Grow USD 4.61 - GlobeNewswire,https://news.google.com/rss/articles/CBMiywJBVV95cUxNaFNha25rQ04wZHk2VUc0aGUzdEN3QkVFRzRnbXh3S3VBUTRCUU83RXRWNnljTWNjdkMxdk9HU3lpZW5kRjFFMXBWRlRSdlhmUGxIYXhfaEcxQ0RTQVJmS0psZFFkbTY4R09sdlBYdElnZWY4alZKTEtyMDJDcGVFUGczR0c3UVhPNi1aSnNOcmQ3SzhoejYtLWRtRFVNdTVYS0NtTVBBM0tMVTUyaV9FNDdob1E3T21IcC1ndUZZZm1xb0lqcDB4WlBrT0h3dFVCdExaNG13ZDJRLThQWUJkM3RiSlAxT0syV0RrQll4WldJLVJad1AtZmUzeF9QaVlFRG9OcjVKN1ZPZnFUX3RQQWMtcU9FLXFKdWppejNDOEt6RXh2MjNhMEExN2hieTdRLURKLUNEamdHMDYtdHRSOUhHNUtERUV5Tzdv?oc=5,12052025,3D Printing Metals Market Size is Poised to Grow USD 4.61 - GlobeNewswire
133,"Project PRABAL: IIT Hyderabad and Trishakti Corps Adopts 3D Printing for Faster, Stronger Frontline Structures in Sikkim - Indian Masterminds",https://news.google.com/rss/articles/CBMimgFBVV95cUxPWHkzRThTUDJubm1vUmFVc0FXUUlZWldFcVo3MXktSUw0QjhXbUJEeFRic0pUS29yc3JqZmZRMzQwSHJzTHp5eVo5ZkVrR2lPODdtdGlUZnNXNmh6V2pDa2pySGNzd2t6cVJzYV9jRWFZejMwYWItQ0J3YjRBZ0VUWjJZby1xQ1JBUElkb0FFM1pBcVI3cC1fSjln?oc=5,12062025,"Project PRABAL: IIT Hyderabad and Trishakti Corps Adopts 3D Printing for Faster, Stronger Frontline Structures in Sikkim - Indian Masterminds"
134,5th Ceramic 3D Printing Meetings in Limoges spotlight multi-materials and new sintering technologies - VoxelMatters,https://news.google.com/rss/articles/CBMiygFBVV95cUxOSmhnWHY3Ui0zMElaVU9wYlM5c1NpOGlMTG9ZYW9sZHpkZjRIb1F3RUZkZEQwNDZTRVNOZDItSW8zcDFGQ2Y5bXVycG1idXd0T2VETlFSMlIxMGtYYVZLRzdDbU4xYUV4TlA0THAtMDhIMm9YelZwSFBIdER6R29hTXVZMzV1cl81SHlOYmdkMnYwSFFfaTFfWERTb2hOdWVjYUh3T09ObUhwaVFoNUdJNGVScVFnWVloVDNodDhSMGFRX1Z5NldXYjlR?oc=5,12052025,5th Ceramic 3D Printing Meetings in Limoges spotlight multi-materials and new sintering technologies - VoxelMatters
135,How do you get cheap military drones fast? 3D-print them on the battlefield. - Business Insider,https://news.google.com/rss/articles/CBMikgFBVV95cUxPQk5iTzgySlBGdUdPYnkyRjdQOU8yUWQ5bERhdzIxbm1laFRGcGV1SHMyMkg0SzJpdWFpUGZ1Q0hiSnhJeXQ1TlRtc3g1Vm1qaFpsRnhMci1BVF95dndNaHN1cUQ2aWI1OVRlS0xBZG1tRC1lV0J3dVdaVlZfUGFKMGF5aEowNWNMSzc2c3NwYTNGZw?oc=5,12072025,How do you get cheap military drones fast? 3D-print them on the battlefield. - Business Insider
136,Is it safe to share your living space with a 3D printer? Here’s what the science says - How-To Geek,https://news.google.com/rss/articles/CBMirwFBVV95cUxObEhPcXBveF9fcDFxYzg2bkstcXhnQmJ3ZlVlSjAxQ0ExY2xzQ1BzbHZJSEwzYVRxQlVIWWVLM3hScFRieVJEV1RqLVhMazY3Ty14aHUtb095QzNOVDQ2OVNMRlBJQjlMNnJOYjhwbWFzb21FYkZSVjRxNG5Zd083c1RyRkRvdkJhaWxpZE5uQWp2TTZDNFViUjFrQjZEOUk0dTI2cnpCTmxfTFBtbXRz?oc=5,11232025,Is it safe to share your living space with a 3D printer? Here’s what the science says - How-To Geek
137,LIFT launches three Dow-focused 3D printing initiatives - VoxelMatters,https://news.google.com/rss/articles/CBMijgFBVV95cUxQQzNVLVZfY0xLYjBGV2s2bFFQNTdyLS1yeHJ3VGFMUnBhTHc2TGVfOGh4SHVqNE1qamZ5bXVPRU9udjlyNElyWU91U1BUamplXzA5MnlTUG5fMlotXzhiNzZxWGR4ajRrcFBqR1RzZWFGbEMzRGNxTTIzMHJBU0h6N3Raa0dMNThZNEJDeUxR?oc=5,12052025,LIFT launches three Dow-focused 3D printing initiatives - VoxelMatters
138,Mapping the future with 3D-printed titanium Apple Watch cases - Apple,https://news.google.com/rss/articles/CBMiowFBVV95cUxNcERzTWR1WmpnOVpXcGNhQWRtVkZJenJsUGJZYTFBV25uVkRXOTFFUk5pLVlyNHZHNzAyd2J1bGt4Y1FQTFRXVFdaWkg5TlpYa0pSc1piOUQ3TWNXdzlOUmdlaDVWd1l6OXhxTHVyTS0yXzZFd2dnTjctNkdVR1ZiaDZZbWs4b3NDYV9PVkd5TGg3NUxCbllUV2JkSjBqVDZmenFR?oc=5,11182025,Mapping the future with 3D-printed titanium Apple Watch cases - Apple
139,"Effect of 3D printing technology, build orientation, and shell thickness on the accuracy of full-arch dental models for fixed dental prostheses: an in vitro study - Nature",https://news.google.com/rss/articles/CBMiX0FVX3lxTE5HSXR4S0hoQm5kLWowQm9QdVlwN3BOV1FkN0pVcEpPU0cybFcxU3FVOC1Rd3ZkTGZjZmlYQlBUVnUtSzVxTUlJSWNGS3g0ejNBaU9YaEsxTVRqWjZsTmlB?oc=5,11202025,"Effect of 3D printing technology, build orientation, and shell thickness on the accuracy of full-arch dental models for fixed dental prostheses: an in vitro study - Nature"
140,SYS Systems to offer Tritone metal & ceramics 3D printing technology to UK customers - tctmagazine.com,https://news.google.com/rss/articles/CBMisAFBVV95cUxNT1F1RnNLYTlILUZreUZaX3dVRFlWSlJ6QzhnQjJmSEptZnBMM1hGVjcyd1JidWZNdV9aNmpDMEpMZE5hcHRISXFXaTF1WUtoUTVnVEtYN1k0bTF3UmZ3OGU4M2VPdHQwMExPWHp4SjAtTlBGOFM4N0xVS2twdTB2cDl0M0NEMjc0Umw3ZzdsV2NQMFhkOW43bkdCRTFGQlh5eW5SZTJhVHRBcEdqSWdmUA?oc=5,12052025,SYS Systems to offer Tritone metal & ceramics 3D printing technology to UK customers - tctmagazine.com
141,"Digital workflows, 3D models enhance preoperative planning - AuntMinnieEurope",https://news.google.com/rss/articles/CBMi9AFBVV95cUxNcmRYLTVreURNb2RGTHNDQjJXdXNxYXZwX0dKQk1DeUFmTXd1NkwzRkF5ZnJVS1RfYmt4aS0wTUVxaUZacC1TQkdRdDFIOEdNNjNHeVJ0al8teURWel9UM0FheVVWQ1lPMkdvVDlxc3I0QlJJUVVoMGNEZGtiRFVKVFZKb09tSUt1d0puWDRVMTJmWjRwckxxUnFJYzRiek1fQ2VJZEVFN2pvdUJFQUNQN2M0a0FnNnZiRmJOVTFoZS1zSFVUNklxaFdJOXNncG1iQnRLbmt1XzY3djRrelBUR2I4WlJFaWs3cE9KVkpMSnc4cDNP?oc=5,12052025,"Digital workflows, 3D models enhance preoperative planning - AuntMinnieEurope"
142,Mosquito proboscis repurposed as a fine nozzle for 3D printing - New Scientist,https://news.google.com/rss/articles/CBMirAFBVV95cUxNNnhJRWxlMEZBWmlNRkZYQXVFZjh5U1VnQUlCWURfOUJTNkl5OGRPc0E5TEFNZlBkaXF2NVdyUkZLMGx0OWRlX2JQVkVscnRYbTMwWV9qU24xN3p5b0Q5Vkx1RjBqeVhxVHpMNmtSRml5R0lnQjdSekpZX2dVREVRanNfcWNiZTdxYVREb0UzcUVSOWFIWU9Wc0pJTFVtNGdaQ3RhdTR3LTZNeF83?oc=5,11192025,Mosquito proboscis repurposed as a fine nozzle for 3D printing - New Scientist
143,Cookiecad releases collaborative 3D printing guide for Hanukkah 2025 - VoxelMatters,https://news.google.com/rss/articles/CBMinwFBVV95cUxQZjk3dTNqTlJrazE5UmwxanhyTzUzZHl1enV2OTdlTkNCaU1DZFlTaFlEMmRhVXVEWmpTdG1zLXR5b29CZDlhTUxoeUtaMDRBOVI5VHJqYm9tTHVoVms1VC1rc1FFb0VGVzBjWTRORjJXRnc5bldiTzlmQ0VQS3RYT3FMS19UaEpsaXV3eVNEVW5hSy1xNVVxTVp5M20tNWM?oc=5,12062025,Cookiecad releases collaborative 3D printing guide for Hanukkah 2025 - VoxelMatters
144,Indian Army operationalises 3D concrete printing tech in forward areas - Cityairnews,https://news.google.com/rss/articles/CBMiqgFBVV95cUxNclZxY0ZKZ3N3b3VzaVdYd0ZhcGtVMm04QzZDTVNhb3BmWDg3c3JHU1hGSW9id3lYVUlObndBZ0Vjc3F6eW9ieGdOX1hFMk1ZVDF5MVVWM25nSlFuMzk1c3ppTVpNR3ljRVlObDM5aUprQlhBaVkzejNPN1dnQWZua0pLSk1iRlN4QTJNc3FMbmVZUHlnY01iaXRTX1VCeEdrcmF6WVlhbmtiUQ?oc=5,12062025,Indian Army operationalises 3D concrete printing tech in forward areas - Cityairnews
145,Alquist Launches Concrete Printer Brand & Expands Construction 3D Printing Partnership with Walmart - 3DPrint.com,https://news.google.com/rss/articles/CBMivwFBVV95cUxNWlE3eWNWZVAzTFFBZmtDcTZkaXNPYmtrSGJud0JtQnFmUENjMFpNTl91RFJ1M2c2Y3NKWGJVbkc5eGdDUng0Y2xPZXhZTThTcG1nWXk3ZzlCc3VHSWNFby03RDJkZ001YWNKWXo2MWljaXhnQ3loOGZGWnBhR19kMVFTUzNyRWRRNGtzaER1Z1BXM0pfWjRtX21CNm1Oa3dwdmNSbVhfajJyalhpZFIzZHNDR1JBb2lOWk12MFpjWdIBxAFBVV95cUxQNzByVHd4eG9SV29ud0kzQ2Z3S25XUFUzNU5zX1VIX3kxeUd5Uy1jblFjcnk3V3Y0RFJNWi1FN1FnVll3cGNGX28wVWR2SGY0WDBmWG4wVUp4QldHRmVwUi03VEdhaWN6ZzRIUEx1ZDN3Qk9Bek4xUWdLNUtWSDFfdG1EZEtmR0pLSHBxa2d5c2dvNjk5ejhJa2c4dFRJeENqTjM1aC1hd1ZLaExWRTRDODVNMDlrME9DdkxTTG9DdlRqdktU?oc=5,12052025,Alquist Launches Concrete Printer Brand & Expands Construction 3D Printing Partnership with Walmart - 3DPrint.com
146,"Aectual Launches Boxy: A Modular, Customizable Planter System 3D Printed with Recycled Materials - 3DPrint.com",https://news.google.com/rss/articles/CBMitgFBVV95cUxPTDhoRDMwa0hqZzJpNl9ic0loN2cxemliSnJ5MmtKcFdyQW5vMWg0Tnd2bjIwejFEd2EzdmlSRWdWZHRFOUpYVk1OWFlQX3BjeTgtTDdLRXpKZ0FiRXNlTXQ3QlVhZXBTc0VGM01JVmN2UlRTbmpvZDhHVGdyYnVjLXJPSjNuaU8tYkQ2TWFtQTc2Mlk1VmYyY1RVd2Y5bHRGUUNhTDJHLXdkdG5Nb2VCbUVybWNtQdIBuwFBVV95cUxQVmo5OEc0V1ZIM0dfNlZieVRpQU5OOU1vZ1NzX0d2NUdtaThlSUl3QzRzSVNxakhHcVhmazM2MExRWWJlZllkbkEzdzBDYnFOMUVUZ0dwcXhPYW1fZU8zeS1aQW5hRzZPSS1wYWpmOTVOdTQzWDN0a3hpSXpVTkFhaGt3czJKOWlLSUVTalFraUxDVHp6dy00Vl9HWU5rcXFuS2JmMGxaSlU2YXV5dmJuU0FCWFUwakxpYWxZ?oc=5,12062025,"Aectual Launches Boxy: A Modular, Customizable Planter System 3D Printed with Recycled Materials - 3DPrint.com"
147,"New CMU 3D-Printing Simulator Constructs Stronger, More Efficient Concrete Buildings - Carnegie Mellon University",https://news.google.com/rss/articles/CBMi1gFBVV95cUxNb001RkZGbkJCbndtSnhPU1hBaEU5R2o0VktfdUdMOHUzeE8teW51TmM4TjV6OXRrVF91TGJNSDVrc0NQbERWU3hBazZocWJKSXQzeFRFRElCNmkzWTNLUjZGWURTRi1ob3VKeGVWMndiWlFGTTUzTFVqUVRjbUhCZEMwb1BSUGZyZzVOSlYzMHNubEJHbUw4SUJvVFFuWngyUGl4bzZBTlZHTVdzRlB2R1F6M0tDTk03TGZkWXNVeGZ4dkdqbHJuZWdFZU5McEY0SjBwUlFn?oc=5,11172025,"New CMU 3D-Printing Simulator Constructs Stronger, More Efficient Concrete Buildings - Carnegie Mellon University"
148,3D Printed Toddler Mobility Device by MakeGood Supports Children with Mobility Challenges - 3D Printing Industry,https://news.google.com/rss/articles/CBMizgFBVV95cUxPZjBCYTRXTEI2X21TN1haa1lYTkRKNEFDOXRhVjJJTmpNMDR2UF82eVc0aEVORmtOWDV0aXNEZzRsRTMyZnl2UUJjN2pOb3M3OC1qX2dYeTVqbTZPcWRwUXh2RlZsRzJLZklxQWp3MW9wYlVnR3Nnd1kwMEh1c1NHNHJtMWw1ZkFxczlBMGVpOHQzNjVDdmZKbS1aNE5sSS1wNHhGdExzSXFnTWpfczBwdHpPSXB6ZUhiMlQ3ZGdqNDBvSWJPTlh2ZTlNVTU0Zw?oc=5,12042025,3D Printed Toddler Mobility Device by MakeGood Supports Children with Mobility Challenges - 3D Printing Industry
149,Repente’s new 3D printed bike saddle covers up open lattice - VoxelMatters,https://news.google.com/rss/articles/CBMiekFVX3lxTE56ZlNuUUZ3Y0RDLVp6dko2MTlWMDlTcDBjSl8wbnNuSEtXbmJqWFN2LUtZN1pJSW9icENqdFN6NXl6Q2ktQkh0Ym5KVFdPOXA5R0d3all1ZlVVV0t5M2oxZWxzSGo0Tk9PQ2ZfRVd3eno0VDRCS2VpVkJn?oc=5,12052025,Repente’s new 3D printed bike saddle covers up open lattice - VoxelMatters
150,Why Big Pharma Hasn’t Fully Adopted 3D Printing—Yet: Inside Triastek’s Push to Modernize Drug Manufacturing - 3D Printing Industry,https://news.google.com/rss/articles/CBMi4gFBVV95cUxQcTVOZWFacG1pU0JfcERlTXJkb0VOM0ZQRlFfWWhxQ0JRTTkyVzFMcDkyXzVyVGwxMzktaVRwYm5BTkxwYk5TOEh2OWZRSC1HVHJrVmhJQXdvdnNYUnowZ09JVmJmeE1hRnV5WjZ6LWdmcTFDMTFUWDhrX0QyNGsyU0Y4V29sQUM2ZDV2RXJEVTlJRTd3THpwdExhRFhkbFVZcGwwYnFBOHpqaXRPM2xaUUszeUc2ZG84Y2kwN0NKZnlPeGhHOHBLbnJjU1ZaVEtjN1B3MVR5MmVUMUswYktLRnR3?oc=5,12042025,Why Big Pharma Hasn’t Fully Adopted 3D Printing—Yet: Inside Triastek’s Push to Modernize Drug Manufacturing - 3D Printing Industry
151,"Precise Bio completes 1st human cornea transplant using 3D-printed, lab-grown tissue - Fierce Biotech",https://news.google.com/rss/articles/CBMiwAFBVV95cUxQUE9nMjhic0paSmk5QWVlRmRrOXhxc1lSSlJzc1pudmVQVTRTSEpBemNJeW1mSkIweE9KdlZCckxGdThmeEtVREt1ejVTU3RlMjluS3otWFFWSmJJZy1xV2Jub3ZKb01fbDNtSnJBcmU4SmJyZGptcjNzV1lGbDhRbXdvaGhwcndySzd6SE1lUzNUVzRaX3BQUzNxemJMSWdQME9oNmFMNEk0dF9kOXVyWFZsdUxEbktucFptWl9QZ2k?oc=5,11192025,"Precise Bio completes 1st human cornea transplant using 3D-printed, lab-grown tissue - Fierce Biotech"
152,"Justin Bieber Taps Zellerfeld for First 3D-printed Shoe Silhouette, the Earth Bender - WWD",https://news.google.com/rss/articles/CBMirAFBVV95cUxNUnNPVlMzc3Bkc2hQbVY0eURRcVczb0ZSRHdJT1RoWDNVdXo5cy1NTklZU0hiRVlZY0RNc05lYWdmVnF1b1k4SzJvNGJtQUZIVjVxYW1qVmswazJXUEkyVFJ4ZWt1STJleExWU25yd0ZMaWhzd1FCSWdwRC1kLXp4c2w2NkU0YXI5YmZMQmNXYWpJR1NSMng1aVRkc0dCb3dUWFdnN21RS0RmdDZ5?oc=5,12042025,"Justin Bieber Taps Zellerfeld for First 3D-printed Shoe Silhouette, the Earth Bender - WWD"
153,$3.5M NSF grant empowers multi-directional 3D printing - VoxelMatters,https://news.google.com/rss/articles/CBMiiwFBVV95cUxNTGFMbzZfSHdjd2ZjXzhQZjFTenBvUjVnbHBTS0pOOUQ5Y25KWXBTMkZaYVQ4ekJQRFMxOUJNbDJyMUd4ZnVadW8zdjFVTEtRUUdYQmh0VEhfcG5Id2g5alEtWThYRGNLZ0NoeUVBTEd0TmdqM3FZX0xTVGtGY1BoRS1INFNmcllXNC1R?oc=5,12042025,$3.5M NSF grant empowers multi-directional 3D printing - VoxelMatters
154,ExtrudeX machine recycles failed/old 3D prints into new filament (Crowdfunding) - CNX Software,https://news.google.com/rss/articles/CBMiqAFBVV95cUxPM0I1MnExb2FOM1g5MF8tUUdpbzB3ZFZ4N0I2Q21ZcE14RzMwSnByTjBJNWVhbEwtV3JYVFF6VlpYcVhfeHU5NkRFUk9heURnVFE5dEM0Q2JiRUh3dUtWeEIyQkhSY3h6TE5qQ3VWbmlERTJLMUJ5RG1GZno2TElYTkpsbXJtMnVDeVZhTGFKQTBGY24tMVhjbm9HTTM5TlhDT0oxZk1KaU7SAbABQVVfeXFMT215M3l4MEFGOEhoNVhYOXp5V25PajA1Rm1pZEtJYVIxOXE3Mjg2UVVNOHBkd3MzTDhYVGlISG43MlBNbHZySkl3aE1iVFZBazgwX1RoMEg2d2cwM2ZCUTJOdlU5c1p6U0I3UEhUN2ExNXdqUEVzWHkwNHhjQkwxUHE3cm5yUGRTWUc1ZVhFRGpHNkpMdW9tVk5QN0NuSGZZVnFUXzRRZU03MDBYakZIVzE?oc=5,12052025,ExtrudeX machine recycles failed/old 3D prints into new filament (Crowdfunding) - CNX Software
155,Northrop Grumman & Titomic Achieve Successful Hot Fire Test with 3D Printed Thrust Chamber - 3DPrint.com,https://news.google.com/rss/articles/CBMiswFBVV95cUxNR0ZkTXY2N1QwT0R4bXF3SUowNGNLYWFKZFVjU1A2QWx6a09KSkRVdTh1dWtQTVpjd3ZqY0xNem5lNGQzd0JOX1FENzNTdF9yZVZJdEJ0VmlmNmpINmpOYjhkNTEzUndLSHVTMEdHV080M2NYeF84UzZva0VzS25XalRPcXQ3MlFSUVVFVnYzTTY5T3gzOHMtOTVsNHdzR0ZLS21WcDN4TnZUX3IweHpXTFZaQdIBuAFBVV95cUxPbzdZRFg2SGtkQkIydnQtaEFRZ3pMNWl2VW1GWFRTT295bzlGb1Bfa1ZhUzBxeUNnaGxGRmIteVdadzVhemVEOHZQM0FEbUFORnNTQ3lfZW1ILTNLT3Nub2dzYzA1XzFkMHpJdDdtSDVmak5VemE0UmhvMW1rdnRoN3JiN0s1eE45ZERELTJpdHVQajdIV2dMNC1OV2ljWkt4S2lfNE1XLTBYbW90R1BGTjBDdkk0SC1N?oc=5,12042025,Northrop Grumman & Titomic Achieve Successful Hot Fire Test with 3D Printed Thrust Chamber - 3DPrint.com
156,The Complicated Reality of 3D Printed Prosthetics - IEEE Spectrum,https://news.google.com/rss/articles/CBMibkFVX3lxTFBoNVM3NGI5YmR2OS1TcTZkR2J4Z21Bay00RFJIVlM1M1pPV2NuRG9UOEhneTlOOXpNd1c5SVNuUW1TT2JoTWVfSUdPcURmQlpUREU1bXdueVVpMFUxSlI3Zlp4UjlPSW95TC1PVGRB0gGCAUFVX3lxTFBKdFJWbGJZTXZmVW50eVYyNG9VenVBUlJScGllenNWVnRlUjNNNWpCblpOYTlPYjRjNzZ3OG40WjR0TURBaGJwZ1hGRDNJQU5tbk9UWWpDaDN0NVVpM3lPaXpTM0tsNVo0dGNqVUszcndOdWZnVGRoUFFhcHlVUzV4RkE?oc=5,11122025,The Complicated Reality of 3D Printed Prosthetics - IEEE Spectrum
157,The Best 3D Printers for Kids and Teens 2025 - Tom's Hardware,https://news.google.com/rss/articles/CBMiggFBVV95cUxPVkdiMUY2WVhoUTZWV09RMmJHQlI1cUdRaGYxZ2R1TjFsV3VlTDh6S09kaDVkbnBFYk1Xc3c3YmdlcnplU0ZQT1FhdkJKZDYzenVJUDJ3elpZb2I2YzdWNEs0Z1JOenJuSmNIOUF6NExINklEQVB5bDZWbWZMektqR25B?oc=5,12052025,The Best 3D Printers for Kids and Teens 2025 - Tom's Hardware
158,Saudi Arabia boosts global 3D printing presence amid 20% annual growth - Arab News PK,https://news.google.com/rss/articles/CBMiY0FVX3lxTE5UMWFfUzlhaHVyVU5YdGZocWNxWE5TSnA2NXl1dnB0Qkd5Tno1YzRaVUhIeFdPdS1LeUFoLVVzNjhFVFdUTmdoWkxkc052eGRXRVpZb1lNUFhXOXhoaUlpLWh5UQ?oc=5,12072025,Saudi Arabia boosts global 3D printing presence amid 20% annual growth - Arab News PK
159,Danit Peleg Debuts Early Prototype for 3D Printed Denim Made From Recycled Waste - 3D Printing Industry,https://news.google.com/rss/articles/CBMiwgFBVV95cUxPVDJRbTZzcUpXNTBBR282NEZxZGJWWDZEeUlZQS03UnhqSXRqWWxTRDUxTzlXN1hWSEktRC1LYURCTUkxNVo2YlRyX2JfcmRmdEt4SURoSGtFZFFxS2tSYUwtMFdVdUlXTjdJd1JRSEd1ZVpCTWdtVDNOc3ZIZHhUQXdYRHJXODk2bjRGSEk4b093NkZBaTJKOTVidFJHODNQVFJiQzdpMThfMnY4TW0xSWlRUlRfWlFBYUh4QXRONFpyUQ?oc=5,12042025,Danit Peleg Debuts Early Prototype for 3D Printed Denim Made From Recycled Waste - 3D Printing Industry
160,3D printed rear shows how Carbon’s wheelchair cushions cool better than foam - VoxelMatters,https://news.google.com/rss/articles/CBMiqAFBVV95cUxQM3V2TmtIdmhxRDNiTW0tVTRmMGxVMURlY2JBUGtyWEVoZE1qeEVKMWc1TmJEWEhXLUVRNGVqa3hkRDlMZFl1bEUzcDhDRWJyQThucEVKTUNFSWc5WlJYQmJMc1ZIcFgwV3ROT1Raa3VaaHA5MjBia3FyRUR0emtwSDFucFA0Q0g1dm5kTUFkOFVFNEMxYnllZmVQYnpjMFhlY2pQZ01VTV8?oc=5,12042025,3D printed rear shows how Carbon’s wheelchair cushions cool better than foam - VoxelMatters
161,iSUN’s Single-Component Resin Can Make 3D Printed Shoes Scalable - All3DP,https://news.google.com/rss/articles/CBMijgFBVV95cUxQTmp3WWU1clg3czc5XzNhOW5VeXc0a2NNeE9ORW0tY3NwNVotekxrRzE5dW0yVEo1bFNsTl9VOUJTYjZ1OFUzY3M4UUVVc25zbnAzSV9vbUsySHNxN3JTUVVXV2VpcUk0QmozX2Q0RmtadzRvZjVjNUd6SWtZX2czeGhVYkNiQmZyQmFVLUR3?oc=5,11212025,iSUN’s Single-Component Resin Can Make 3D Printed Shoes Scalable - All3DP
162,SWISSto12 Celebrates Success - 3DPrint.com,https://news.google.com/rss/articles/CBMiZ0FVX3lxTE4yRkhCUFJSQmpOODZfXzI0QVBOdC1BdXhvSTB3ZVlMbmlDZFpvUTlKUzNLMWxUdEJUdk5JRTFORGhQbk5CUVRzM281ZU5vTERuT0lMZ0tUdkItMjMxallQeWdSbEpRZDjSAWxBVV95cUxQeVg5ekY0MWNhMmd4RGNxRzR5dFVKWExWZVFWYU5lUVFrZW5IX1h0QTZPck8xZ2hUWUZkVzc0aFpJdkNJdXFuT0psQVRlaVJ5emZtd2RIWEZBVkZfbHRnQmZWRHJXcGxYRmFzSEs?oc=5,12062025,SWISSto12 Celebrates Success - 3DPrint.com
163,New 3D Printed Hydrogen Cell Factory Just Switched On in Catalonia - 3DPrint.com,https://news.google.com/rss/articles/CBMiqwFBVV95cUxPdzRZdlJ0SU9KaFJHc0FzeGFhVWZvNjhUVno2UTVqOS13ODFTa2ktamVLa1R4NHZCTFVfLUYtQWRjWFlLSWtGN254MjFyOVV2bFdwUVdmSFRpQ2tPYVc1UzlHb1Bqb244RGUyZFRkR1A2Y3RkeWhyZVUtc2lMbEZKMjNkTUZ1aFhYVDZPdlR3VDlMTnhtcl9pd3U5emE3SFlhdFhvSjAyN3M2b2_SAbABQVVfeXFMTmd5YTl0aVNkYnd4eDZ4a3MybTlPQmpnellRd2tGYUFaVlRvMmhNaWdIb3hQSThIaXdoZXlFZVozVzdObktlZm85QV9NRXE5OFo3b2pmMXpYVTJiaXBRdDFfcWNUZTRfdVhEM0FLdnoxZUZCRWdSZ3RNT0FCNlZLX0JKNFhxSHpiZ0N6ckFmeVZDbFFBa2RiMmVmOGpQdUlTVTZqc3ZLamlhSDFWZFJRejA?oc=5,12052025,New 3D Printed Hydrogen Cell Factory Just Switched On in Catalonia - 3DPrint.com
164,Turning 3D Print Waste into New Filament! - Adafruit,https://news.google.com/rss/articles/CBMihAFBVV95cUxPMDFtcm5yOTRmVnBOeGpFS2QxZEM5NUw3TV9sWklZS2hLeThhNklIb0VUWlk1NGFIcVNHRjYyYXlkbW5ndGNoZUFzd1ZRQ2I3aEkzTHR1UnBUUWM4MnNzN25Lc0F0ZHBIUTlZM01kRFBZVWtQWFJXT3VwazZ0bFpkNFpuRkI?oc=5,12062025,Turning 3D Print Waste into New Filament! - Adafruit
165,King Faisal hospital uses 3D printing for tumor surgery - Arab News,https://news.google.com/rss/articles/CBMiX0FVX3lxTE5oMnl6VXJnbzlha0lPMFRGN1NMS1VxUGoyZUtWckpXZG9HMHlMQzZkQWx2WWFpNlNxQVExS25saVU0Y2dNZGVpWWRwOHhUYTZ0RkNEVmZ6bEhVWkpEUzRj?oc=5,12012025,King Faisal hospital uses 3D printing for tumor surgery - Arab News
166,Free-standing thermosets shaped by laser-assisted 3D printing - Nature,https://news.google.com/rss/articles/CBMiX0FVX3lxTE9ZQWlxYThqQ0ItNVp4Z2VMTmRDWkRnd25qZFlTdXgtQ2FCQzVaUWlfNjBSbkVXdWstS1pVVzlXLWcwYnVSczVSU2FrRXI0N3RXSjFSWHdFY0U2OHFRWExR?oc=5,11132025,Free-standing thermosets shaped by laser-assisted 3D printing - Nature
167,Unique resin allows 3D-printing method to add and subtract - Tech Xplore,https://news.google.com/rss/articles/CBMicEFVX3lxTE5wLTcyM0x0MEpXMVRLa1V3LXB5Nm5pa0RfRldHWE9MMG1MQk9JVjZLY0NGclo3TUhjNjBTdjA4bnprUktEVHNmUkZTbTZ3U0FZQnFaR0g5UmUtaFBxTzRxNG45THVvblVsNzlMeDl0ajM?oc=5,11142025,Unique resin allows 3D-printing method to add and subtract - Tech Xplore
168,10 Of The Best 3D Printing Accessories You Can Buy On Amazon - bgr.com,https://news.google.com/rss/articles/CBMickFVX3lxTE1McGx0dnNjc2RSRE9ZWjhJOG9oeG9WSnQ2aWRWZFJkbzU2dTFTVkljMm0tWDhlYzVhUmVHa3g5Y09hUHItYmZjMFZyc293ckpRdkxnLVVzSTZabHJaMThfUUVlSzV2YnVYMXQtRGt4S1k2dw?oc=5,12012025,10 Of The Best 3D Printing Accessories You Can Buy On Amazon - bgr.com
169,Researchers at UW-Platteville find way to convert spoiled milk into 3D printing plastic - Channel 3000,https://news.google.com/rss/articles/CBMi_wFBVV95cUxONVQ4VDJKMG5JeVp4WEJHR25pR1FRYnJ4UDBoVUd5dENSbm5lZWRnUzJOYS16N1llaFF6ZkV5UFNBN2JLN1lLU3ViY0wtQWNla1BnVlpWYTRabUtJay14YzY4bUtqSzVsWTZYSFQxWWJVSlZHSXFPYkZjWklqb0FQeGJOWnNTdU5KclVSV0ZCTnRKNEZvcklHazBPa3hIOGp0WThEd1h5ZFBiak92UXZTWnYwMS1nbVhicmhoZG9naWE1anlkaDNubDE3TzZFVld3VE5Zb2lQZ2Q5RXpmdmNRNEFQT0RHSDZ0QkFBRVhFLVBDdUFydUpUbmlJN2JjYjQ?oc=5,12072025,Researchers at UW-Platteville find way to convert spoiled milk into 3D printing plastic - Channel 3000
